Job Number,Filepath,Enlargement Map Number
JN24960,Box 14_Client Box 14\ENL Maps 001-099\1.pdf,1
JN24960,Box 14_Client Box 14\ENL Maps 001-099\10B.pdf,10B
JN24960,Box 14_Client Box 14\ENL Maps 001-099\12.pdf,12
JN24960,Box 14_Client Box 14\ENL Maps 001-099\13A.pdf,13A
JN24960,Box 14_Client Box 14\ENL Maps 001-099\13B.pdf,13B
JN24960,Box 14_Client Box 14\ENL Maps 001-099\13C_00001.pdf,13C
JN24960,Box 14_Client Box 14\ENL Maps 001-099\13C.pdf,13C
JN24960,Box 14_Client Box 14\ENL Maps 001-099\14.pdf,14
JN24960,Box 14_Client Box 14\ENL Maps 001-099\15.pdf,15
JN24960,Box 14_Client Box 14\ENL Maps 001-099\16.pdf,16
JN24960,Box 14_Client Box 14\ENL Maps 001-099\17.pdf,17
JN24960,Box 14_Client Box 14\ENL Maps 001-099\18.pdf,18
JN24960,Box 14_Client Box 14\ENL Maps 001-099\19.pdf,19
JN24960,Box 14_Client Box 14\ENL Maps 001-099\2_00001.pdf,2
JN24960,Box 14_Client Box 14\ENL Maps 001-099\2.pdf,2
JN24960,Box 14_Client Box 14\ENL Maps 001-099\20_00001.pdf,20
JN24960,Box 14_Client Box 14\ENL Maps 001-099\20.pdf,20
JN24960,Box 14_Client Box 14\ENL Maps 001-099\21A.pdf,21A
JN24960,Box 14_Client Box 14\ENL Maps 001-099\21B.pdf,21B
JN24960,Box 14_Client Box 14\ENL Maps 001-099\21C.pdf,21C
JN24960,Box 14_Client Box 14\ENL Maps 001-099\23.pdf,23
JN24960,Box 14_Client Box 14\ENL Maps 001-099\24.pdf,24
JN24960,Box 14_Client Box 14\ENL Maps 001-099\25.pdf,25
JN24960,Box 14_Client Box 14\ENL Maps 001-099\25A.pdf,25A
JN24960,Box 14_Client Box 14\ENL Maps 001-099\25B.pdf,25B
JN24960,Box 14_Client Box 14\ENL Maps 001-099\26.pdf,26
JN24960,Box 14_Client Box 14\ENL Maps 001-099\27.pdf,27
JN24960,Box 14_Client Box 14\ENL Maps 001-099\28.pdf,28
JN24960,Box 14_Client Box 14\ENL Maps 001-099\29.pdf,29
JN24960,Box 14_Client Box 14\ENL Maps 001-099\3.pdf,3
JN24960,Box 14_Client Box 14\ENL Maps 001-099\30.pdf,30
JN24960,Box 14_Client Box 14\ENL Maps 001-099\31.pdf,31
JN24960,Box 14_Client Box 14\ENL Maps 001-099\32.pdf,32
JN24960,Box 14_Client Box 14\ENL Maps 001-099\33.pdf,33
JN24960,Box 14_Client Box 14\ENL Maps 001-099\34.pdf,34
JN24960,Box 14_Client Box 14\ENL Maps 001-099\35.pdf,35
JN24960,Box 14_Client Box 14\ENL Maps 001-099\36.pdf,36
JN24960,Box 14_Client Box 14\ENL Maps 001-099\37.pdf,37
JN24960,Box 14_Client Box 14\ENL Maps 001-099\38.pdf,38
JN24960,Box 14_Client Box 14\ENL Maps 001-099\39.pdf,39
JN24960,Box 14_Client Box 14\ENL Maps 001-099\3B_00001.pdf,3B
JN24960,Box 14_Client Box 14\ENL Maps 001-099\3B.pdf,3B
JN24960,Box 14_Client Box 14\ENL Maps 001-099\3C.pdf,3C
JN24960,Box 14_Client Box 14\ENL Maps 001-099\4.pdf,4
JN24960,Box 14_Client Box 14\ENL Maps 001-099\41.pdf,41
JN24960,Box 14_Client Box 14\ENL Maps 001-099\42.pdf,42
JN24960,Box 14_Client Box 14\ENL Maps 001-099\43.pdf,43
JN24960,Box 14_Client Box 14\ENL Maps 001-099\44.pdf,44
JN24960,Box 14_Client Box 14\ENL Maps 001-099\45.pdf,45
JN24960,Box 14_Client Box 14\ENL Maps 001-099\46.pdf,46
JN24960,Box 14_Client Box 14\ENL Maps 001-099\47.pdf,47
JN24960,Box 14_Client Box 14\ENL Maps 001-099\47A.pdf,47A
JN24960,Box 14_Client Box 14\ENL Maps 001-099\48.pdf,48
JN24960,Box 14_Client Box 14\ENL Maps 001-099\49.pdf,49
JN24960,Box 14_Client Box 14\ENL Maps 001-099\51.pdf,51
JN24960,Box 14_Client Box 14\ENL Maps 001-099\51A.pdf,51A
JN24960,Box 14_Client Box 14\ENL Maps 001-099\52.pdf,52
JN24960,Box 14_Client Box 14\ENL Maps 001-099\53.pdf,53
JN24960,Box 14_Client Box 14\ENL Maps 001-099\54.pdf,54
JN24960,Box 14_Client Box 14\ENL Maps 001-099\55.pdf,55
JN24960,Box 14_Client Box 14\ENL Maps 001-099\56.pdf,56
JN24960,Box 14_Client Box 14\ENL Maps 001-099\57.pdf,57
JN24960,Box 14_Client Box 14\ENL Maps 001-099\58.pdf,58
JN24960,Box 14_Client Box 14\ENL Maps 001-099\59.pdf,59
JN24960,Box 14_Client Box 14\ENL Maps 001-099\6.pdf,6
JN24960,Box 14_Client Box 14\ENL Maps 001-099\60.pdf,60
JN24960,Box 14_Client Box 14\ENL Maps 001-099\61.pdf,61
JN24960,Box 14_Client Box 14\ENL Maps 001-099\62.pdf,62
JN24960,Box 14_Client Box 14\ENL Maps 001-099\63.pdf,63
JN24960,Box 14_Client Box 14\ENL Maps 001-099\63A.pdf,63A
JN24960,Box 14_Client Box 14\ENL Maps 001-099\64.pdf,64
JN24960,Box 14_Client Box 14\ENL Maps 001-099\65.pdf,65
JN24960,Box 14_Client Box 14\ENL Maps 001-099\66.pdf,66
JN24960,Box 14_Client Box 14\ENL Maps 001-099\67A.pdf,67A
JN24960,Box 14_Client Box 14\ENL Maps 001-099\68.pdf,68
JN24960,Box 14_Client Box 14\ENL Maps 001-099\69.pdf,69
JN24960,Box 14_Client Box 14\ENL Maps 001-099\7 & 8.pdf,7 & 8
JN24960,Box 14_Client Box 14\ENL Maps 001-099\70.pdf,70
JN24960,Box 14_Client Box 14\ENL Maps 001-099\70A.pdf,70A
JN24960,Box 14_Client Box 14\ENL Maps 001-099\70B.pdf,70B
JN24960,Box 14_Client Box 14\ENL Maps 001-099\71.pdf,71
JN24960,Box 14_Client Box 14\ENL Maps 001-099\72.pdf,72
JN24960,Box 14_Client Box 14\ENL Maps 001-099\73.pdf,73
JN24960,Box 14_Client Box 14\ENL Maps 001-099\74.pdf,74
JN24960,Box 14_Client Box 14\ENL Maps 001-099\75.pdf,75
JN24960,Box 14_Client Box 14\ENL Maps 001-099\75A.pdf,75A
JN24960,Box 14_Client Box 14\ENL Maps 001-099\76.pdf,76
JN24960,Box 14_Client Box 14\ENL Maps 001-099\77.pdf,77
JN24960,Box 14_Client Box 14\ENL Maps 001-099\77A.pdf,77A
JN24960,Box 14_Client Box 14\ENL Maps 001-099\78.pdf,78
JN24960,Box 14_Client Box 14\ENL Maps 001-099\79.pdf,79
JN24960,Box 14_Client Box 14\ENL Maps 001-099\81.pdf,81
JN24960,Box 14_Client Box 14\ENL Maps 001-099\82.pdf,82
JN24960,Box 14_Client Box 14\ENL Maps 001-099\83_00001.pdf,83
JN24960,Box 14_Client Box 14\ENL Maps 001-099\83.pdf,83
JN24960,Box 14_Client Box 14\ENL Maps 001-099\83A.pdf,83A
JN24960,Box 14_Client Box 14\ENL Maps 001-099\84.pdf,84
JN24960,Box 14_Client Box 14\ENL Maps 001-099\86.pdf,86
JN24960,Box 14_Client Box 14\ENL Maps 001-099\87.pdf,87
JN24960,Box 14_Client Box 14\ENL Maps 001-099\88.pdf,88
JN24960,Box 14_Client Box 14\ENL Maps 001-099\89.pdf,89
JN24960,Box 14_Client Box 14\ENL Maps 001-099\9.pdf,9
JN24960,Box 14_Client Box 14\ENL Maps 001-099\90A.pdf,90A
JN24960,Box 14_Client Box 14\ENL Maps 001-099\90B.pdf,90B
JN24960,Box 14_Client Box 14\ENL Maps 001-099\91.pdf,91
JN24960,Box 14_Client Box 14\ENL Maps 001-099\92.pdf,92
JN24960,Box 14_Client Box 14\ENL Maps 001-099\92A.pdf,92A
JN24960,Box 14_Client Box 14\ENL Maps 001-099\93.pdf,93
JN24960,Box 14_Client Box 14\ENL Maps 001-099\94.pdf,94
JN24960,Box 14_Client Box 14\ENL Maps 001-099\95.pdf,95
JN24960,Box 14_Client Box 14\ENL Maps 001-099\96.pdf,96
JN24960,Box 14_Client Box 14\ENL Maps 001-099\97.pdf,97
JN24960,Box 14_Client Box 14\ENL Maps 001-099\98_00001.pdf,98
JN24960,Box 14_Client Box 14\ENL Maps 001-099\98.pdf,98
JN24960,Box 14_Client Box 14\ENL Maps 001-099\99.pdf,99
JN24960,Box 14_Client Box 14\ENL Maps 001-099\Inventory.pdf,Inventory
JN24960,Box 14_Client Box 14\ENL Maps 100-199\100.pdf,100
JN24960,Box 14_Client Box 14\ENL Maps 100-199\101.pdf,101
JN24960,Box 14_Client Box 14\ENL Maps 100-199\102.pdf,102
JN24960,Box 14_Client Box 14\ENL Maps 100-199\103.pdf,103
JN24960,Box 14_Client Box 14\ENL Maps 100-199\104.pdf,104
JN24960,Box 14_Client Box 14\ENL Maps 100-199\105.pdf,105
JN24960,Box 14_Client Box 14\ENL Maps 100-199\106A.pdf,106A
JN24960,Box 14_Client Box 14\ENL Maps 100-199\106B.pdf,106B
JN24960,Box 14_Client Box 14\ENL Maps 100-199\107.pdf,107
JN24960,Box 14_Client Box 14\ENL Maps 100-199\108.pdf,108
JN24960,Box 14_Client Box 14\ENL Maps 100-199\108A.pdf,108A
JN24960,Box 14_Client Box 14\ENL Maps 100-199\109.pdf,109
JN24960,Box 14_Client Box 14\ENL Maps 100-199\110.pdf,110
JN24960,Box 14_Client Box 14\ENL Maps 100-199\111.pdf,111
JN24960,Box 14_Client Box 14\ENL Maps 100-199\111A.pdf,111A
JN24960,Box 14_Client Box 14\ENL Maps 100-199\112.pdf,112
JN24960,Box 14_Client Box 14\ENL Maps 100-199\113.pdf,113
JN24960,Box 14_Client Box 14\ENL Maps 100-199\113A.pdf,113A
JN24960,Box 14_Client Box 14\ENL Maps 100-199\114.pdf,114
JN24960,Box 14_Client Box 14\ENL Maps 100-199\115_00001.pdf,115
JN24960,Box 14_Client Box 14\ENL Maps 100-199\115.pdf,115
JN24960,Box 14_Client Box 14\ENL Maps 100-199\115A.pdf,115A
JN24960,Box 14_Client Box 14\ENL Maps 100-199\116.pdf,116
JN24960,Box 14_Client Box 14\ENL Maps 100-199\116A.pdf,116A
JN24960,Box 14_Client Box 14\ENL Maps 100-199\117.pdf,117
JN24960,Box 14_Client Box 14\ENL Maps 100-199\118.pdf,118
JN24960,Box 14_Client Box 14\ENL Maps 100-199\119.pdf,119
JN24960,Box 14_Client Box 14\ENL Maps 100-199\120.pdf,120
JN24960,Box 14_Client Box 14\ENL Maps 100-199\120A.pdf,120A
JN24960,Box 14_Client Box 14\ENL Maps 100-199\120B.pdf,120B
JN24960,Box 14_Client Box 14\ENL Maps 100-199\120C.pdf,120C
JN24960,Box 14_Client Box 14\ENL Maps 100-199\121.pdf,121
JN24960,Box 14_Client Box 14\ENL Maps 100-199\122.pdf,122
JN24960,Box 14_Client Box 14\ENL Maps 100-199\123.pdf,123
JN24960,Box 14_Client Box 14\ENL Maps 100-199\124.pdf,124
JN24960,Box 14_Client Box 14\ENL Maps 100-199\125.pdf,125
JN24960,Box 14_Client Box 14\ENL Maps 100-199\126.pdf,126
JN24960,Box 14_Client Box 14\ENL Maps 100-199\127.pdf,127
JN24960,Box 14_Client Box 14\ENL Maps 100-199\127A.pdf,127A
JN24960,Box 14_Client Box 14\ENL Maps 100-199\127B.pdf,127B
JN24960,Box 14_Client Box 14\ENL Maps 100-199\128.pdf,128
JN24960,Box 14_Client Box 14\ENL Maps 100-199\129.pdf,129
JN24960,Box 14_Client Box 14\ENL Maps 100-199\130.pdf,130
JN24960,Box 14_Client Box 14\ENL Maps 100-199\131.pdf,131
JN24960,Box 14_Client Box 14\ENL Maps 100-199\131A.pdf,131A
JN24960,Box 14_Client Box 14\ENL Maps 100-199\132.pdf,132
JN24960,Box 14_Client Box 14\ENL Maps 100-199\133_00001.pdf,133
JN24960,Box 14_Client Box 14\ENL Maps 100-199\133.pdf,133
JN24960,Box 14_Client Box 14\ENL Maps 100-199\133A_00001.pdf,133A
JN24960,Box 14_Client Box 14\ENL Maps 100-199\133A.pdf,133A
JN24960,Box 14_Client Box 14\ENL Maps 100-199\134.pdf,134
JN24960,Box 14_Client Box 14\ENL Maps 100-199\135.pdf,135
JN24960,Box 14_Client Box 14\ENL Maps 100-199\136.pdf,136
JN24960,Box 14_Client Box 14\ENL Maps 100-199\137.pdf,137
JN24960,Box 14_Client Box 14\ENL Maps 100-199\138.pdf,138
JN24960,Box 14_Client Box 14\ENL Maps 100-199\139.pdf,139
JN24960,Box 14_Client Box 14\ENL Maps 100-199\140.pdf,140
JN24960,Box 14_Client Box 14\ENL Maps 100-199\140A.pdf,140A
JN24960,Box 14_Client Box 14\ENL Maps 100-199\141.pdf,141
JN24960,Box 14_Client Box 14\ENL Maps 100-199\142.pdf,142
JN24960,Box 14_Client Box 14\ENL Maps 100-199\143.pdf,143
JN24960,Box 14_Client Box 14\ENL Maps 100-199\144.pdf,144
JN24960,Box 14_Client Box 14\ENL Maps 100-199\145.pdf,145
JN24960,Box 14_Client Box 14\ENL Maps 100-199\146.pdf,146
JN24960,Box 14_Client Box 14\ENL Maps 100-199\146A.pdf,146A
JN24960,Box 14_Client Box 14\ENL Maps 100-199\147_00001.pdf,147
JN24960,Box 14_Client Box 14\ENL Maps 100-199\147.pdf,147
JN24960,Box 14_Client Box 14\ENL Maps 100-199\147A.pdf,147A
JN24960,Box 14_Client Box 14\ENL Maps 100-199\147B.pdf,147B
JN24960,Box 14_Client Box 14\ENL Maps 100-199\147C.pdf,147C
JN24960,Box 14_Client Box 14\ENL Maps 100-199\147D.pdf,147D
JN24960,Box 14_Client Box 14\ENL Maps 100-199\148.pdf,148
JN24960,Box 14_Client Box 14\ENL Maps 100-199\149.pdf,149
JN24960,Box 14_Client Box 14\ENL Maps 100-199\150_00001.pdf,150
JN24960,Box 14_Client Box 14\ENL Maps 100-199\150.pdf,150
JN24960,Box 14_Client Box 14\ENL Maps 100-199\151.pdf,151
JN24960,Box 14_Client Box 14\ENL Maps 100-199\152.pdf,152
JN24960,Box 14_Client Box 14\ENL Maps 100-199\153A.pdf,153A
JN24960,Box 14_Client Box 14\ENL Maps 100-199\153B.pdf,153B
JN24960,Box 14_Client Box 14\ENL Maps 100-199\154.pdf,154
JN24960,Box 14_Client Box 14\ENL Maps 100-199\156.pdf,156
JN24960,"Box 14_Client Box 14\ENL Maps 100-199\157, 158, 159.pdf","157, 158, 159"
JN24960,Box 14_Client Box 14\ENL Maps 100-199\160.pdf,160
JN24960,Box 14_Client Box 14\ENL Maps 100-199\161.pdf,161
JN24960,Box 14_Client Box 14\ENL Maps 100-199\162.pdf,162
JN24960,Box 14_Client Box 14\ENL Maps 100-199\163.pdf,163
JN24960,Box 14_Client Box 14\ENL Maps 100-199\164.pdf,164
JN24960,Box 14_Client Box 14\ENL Maps 100-199\164A.pdf,164A
JN24960,Box 14_Client Box 14\ENL Maps 100-199\165.pdf,165
JN24960,Box 14_Client Box 14\ENL Maps 100-199\166.pdf,166
JN24960,Box 14_Client Box 14\ENL Maps 100-199\167.pdf,167
JN24960,Box 14_Client Box 14\ENL Maps 100-199\168.pdf,168
JN24960,Box 14_Client Box 14\ENL Maps 100-199\168A.pdf,168A
JN24960,Box 14_Client Box 14\ENL Maps 100-199\169.pdf,169
JN24960,Box 14_Client Box 14\ENL Maps 100-199\170.pdf,170
JN24960,Box 14_Client Box 14\ENL Maps 100-199\171.pdf,171
JN24960,Box 14_Client Box 14\ENL Maps 100-199\172.pdf,172
JN24960,Box 14_Client Box 14\ENL Maps 100-199\173.pdf,173
JN24960,Box 14_Client Box 14\ENL Maps 100-199\174.pdf,174
JN24960,Box 14_Client Box 14\ENL Maps 100-199\175_00001.pdf,175
JN24960,Box 14_Client Box 14\ENL Maps 100-199\175.pdf,175
JN24960,Box 14_Client Box 14\ENL Maps 100-199\175I.pdf,175I
JN24960,Box 14_Client Box 14\ENL Maps 100-199\176.pdf,176
JN24960,Box 14_Client Box 14\ENL Maps 100-199\177A.pdf,177A
JN24960,Box 14_Client Box 14\ENL Maps 100-199\177B.pdf,177B
JN24960,Box 14_Client Box 14\ENL Maps 100-199\178.pdf,178
JN24960,Box 14_Client Box 14\ENL Maps 100-199\179.pdf,179
JN24960,Box 14_Client Box 14\ENL Maps 100-199\180.pdf,180
JN24960,Box 14_Client Box 14\ENL Maps 100-199\181.pdf,181
JN24960,Box 14_Client Box 14\ENL Maps 100-199\182.pdf,182
JN24960,Box 14_Client Box 14\ENL Maps 100-199\183.pdf,183
JN24960,Box 14_Client Box 14\ENL Maps 100-199\184.pdf,184
JN24960,Box 14_Client Box 14\ENL Maps 100-199\185.pdf,185
JN24960,Box 14_Client Box 14\ENL Maps 100-199\186.pdf,186
JN24960,Box 14_Client Box 14\ENL Maps 100-199\187.pdf,187
JN24960,Box 14_Client Box 14\ENL Maps 100-199\188_00001.pdf,188
JN24960,Box 14_Client Box 14\ENL Maps 100-199\188.pdf,188
JN24960,Box 14_Client Box 14\ENL Maps 100-199\188A.pdf,188A
JN24960,Box 14_Client Box 14\ENL Maps 100-199\188B_00001.pdf,188B
JN24960,Box 14_Client Box 14\ENL Maps 100-199\188B.pdf,188B
JN24960,Box 14_Client Box 14\ENL Maps 100-199\188C.pdf,188C
JN24960,Box 14_Client Box 14\ENL Maps 100-199\188C(I).pdf,188C(I)
JN24960,Box 14_Client Box 14\ENL Maps 100-199\188D.pdf,188D
JN24960,Box 14_Client Box 14\ENL Maps 100-199\189.pdf,189
JN24960,Box 14_Client Box 14\ENL Maps 100-199\192.pdf,192
JN24960,Box 14_Client Box 14\ENL Maps 100-199\194.pdf,194
JN24960,Box 14_Client Box 14\ENL Maps 100-199\195.pdf,195
JN24960,Box 14_Client Box 14\ENL Maps 100-199\195A.pdf,195A
JN24960,Box 14_Client Box 14\ENL Maps 100-199\196.pdf,196
JN24960,Box 14_Client Box 14\ENL Maps 100-199\197.pdf,197
JN24960,Box 14_Client Box 14\ENL Maps 100-199\198.pdf,198
JN24960,Box 14_Client Box 14\ENL Maps 100-199\199.pdf,199
JN24960,Box 14_Client Box 14\ENL Maps 100-199\Inventory.pdf,Inventory
JN24960,Box 14_Client Box 14\ENL Maps 200-299\200.pdf,200
JN24960,Box 14_Client Box 14\ENL Maps 200-299\201.pdf,201
JN24960,Box 14_Client Box 14\ENL Maps 200-299\202.pdf,202
JN24960,Box 14_Client Box 14\ENL Maps 200-299\204.pdf,204
JN24960,Box 14_Client Box 14\ENL Maps 200-299\205A.pdf,205A
JN24960,Box 14_Client Box 14\ENL Maps 200-299\205B.pdf,205B
JN24960,Box 14_Client Box 14\ENL Maps 200-299\206.pdf,206
JN24960,Box 14_Client Box 14\ENL Maps 200-299\206A.pdf,206A
JN24960,Box 14_Client Box 14\ENL Maps 200-299\207.pdf,207
JN24960,Box 14_Client Box 14\ENL Maps 200-299\207A.pdf,207A
JN24960,Box 14_Client Box 14\ENL Maps 200-299\207C.pdf,207C
JN24960,Box 14_Client Box 14\ENL Maps 200-299\207D.pdf,207D
JN24960,Box 14_Client Box 14\ENL Maps 200-299\207E.pdf,207E
JN24960,Box 14_Client Box 14\ENL Maps 200-299\208.pdf,208
JN24960,Box 14_Client Box 14\ENL Maps 200-299\209.pdf,209
JN24960,Box 14_Client Box 14\ENL Maps 200-299\210.pdf,210
JN24960,Box 14_Client Box 14\ENL Maps 200-299\211.pdf,211
JN24960,Box 14_Client Box 14\ENL Maps 200-299\212.pdf,212
JN24960,Box 14_Client Box 14\ENL Maps 200-299\213.pdf,213
JN24960,Box 14_Client Box 14\ENL Maps 200-299\214.pdf,214
JN24960,Box 14_Client Box 14\ENL Maps 200-299\215.pdf,215
JN24960,Box 14_Client Box 14\ENL Maps 200-299\216.pdf,216
JN24960,Box 14_Client Box 14\ENL Maps 200-299\216A.pdf,216A
JN24960,Box 14_Client Box 14\ENL Maps 200-299\217.pdf,217
JN24960,Box 14_Client Box 14\ENL Maps 200-299\218.pdf,218
JN24960,Box 14_Client Box 14\ENL Maps 200-299\219.pdf,219
JN24960,Box 14_Client Box 14\ENL Maps 200-299\220.pdf,220
JN24960,Box 14_Client Box 14\ENL Maps 200-299\222.pdf,222
JN24960,Box 14_Client Box 14\ENL Maps 200-299\223.pdf,223
JN24960,Box 14_Client Box 14\ENL Maps 200-299\224.pdf,224
JN24960,Box 14_Client Box 14\ENL Maps 200-299\225.pdf,225
JN24960,Box 14_Client Box 14\ENL Maps 200-299\225A.pdf,225A
JN24960,Box 14_Client Box 14\ENL Maps 200-299\226.pdf,226
JN24960,Box 14_Client Box 14\ENL Maps 200-299\227.pdf,227
JN24960,Box 14_Client Box 14\ENL Maps 200-299\227A.pdf,227A
JN24960,Box 14_Client Box 14\ENL Maps 200-299\228.pdf,228
JN24960,Box 14_Client Box 14\ENL Maps 200-299\229.pdf,229
JN24960,Box 14_Client Box 14\ENL Maps 200-299\230.pdf,230
JN24960,Box 14_Client Box 14\ENL Maps 200-299\230A.pdf,230A
JN24960,Box 14_Client Box 14\ENL Maps 200-299\230B.pdf,230B
JN24960,Box 14_Client Box 14\ENL Maps 200-299\230C.pdf,230C
JN24960,Box 14_Client Box 14\ENL Maps 200-299\230D.pdf,230D
JN24960,Box 14_Client Box 14\ENL Maps 200-299\230E.pdf,230E
JN24960,Box 14_Client Box 14\ENL Maps 200-299\230F (I).pdf,230F (I)
JN24960,Box 14_Client Box 14\ENL Maps 200-299\230F_00001.pdf,230F
JN24960,Box 14_Client Box 14\ENL Maps 200-299\230F.pdf,230F
JN24960,Box 14_Client Box 14\ENL Maps 200-299\230F(I).pdf,230F(I)
JN24960,Box 14_Client Box 14\ENL Maps 200-299\230G.pdf,230G
JN24960,Box 14_Client Box 14\ENL Maps 200-299\231.pdf,231
JN24960,Box 14_Client Box 14\ENL Maps 200-299\231A.pdf,231A
JN24960,Box 14_Client Box 14\ENL Maps 200-299\232.pdf,232
JN24960,Box 14_Client Box 14\ENL Maps 200-299\233.pdf,233
JN24960,Box 14_Client Box 14\ENL Maps 200-299\233A+B.pdf,233A+B
JN24960,Box 14_Client Box 14\ENL Maps 200-299\234.pdf,234
JN24960,Box 14_Client Box 14\ENL Maps 200-299\234A.pdf,234A
JN24960,Box 14_Client Box 14\ENL Maps 200-299\234B.pdf,234B
JN24960,Box 14_Client Box 14\ENL Maps 200-299\234C.pdf,234C
JN24960,Box 14_Client Box 14\ENL Maps 200-299\235.pdf,235
JN24960,Box 14_Client Box 14\ENL Maps 200-299\236.pdf,236
JN24960,Box 14_Client Box 14\ENL Maps 200-299\237.pdf,237
JN24960,Box 14_Client Box 14\ENL Maps 200-299\238.pdf,238
JN24960,Box 14_Client Box 14\ENL Maps 200-299\239.pdf,239
JN24960,Box 14_Client Box 14\ENL Maps 200-299\240.pdf,240
JN24960,Box 14_Client Box 14\ENL Maps 200-299\241.pdf,241
JN24960,Box 14_Client Box 14\ENL Maps 200-299\242.pdf,242
JN24960,Box 14_Client Box 14\ENL Maps 200-299\243.pdf,243
JN24960,Box 14_Client Box 14\ENL Maps 200-299\244.pdf,244
JN24960,Box 14_Client Box 14\ENL Maps 200-299\245.pdf,245
JN24960,Box 14_Client Box 14\ENL Maps 200-299\246.pdf,246
JN24960,Box 14_Client Box 14\ENL Maps 200-299\247_00001.pdf,247
JN24960,Box 14_Client Box 14\ENL Maps 200-299\247.pdf,247
JN24960,Box 14_Client Box 14\ENL Maps 200-299\247A.pdf,247A
JN24960,Box 14_Client Box 14\ENL Maps 200-299\247B_00001.pdf,247B
JN24960,Box 14_Client Box 14\ENL Maps 200-299\247B.pdf,247B
JN24960,Box 14_Client Box 14\ENL Maps 200-299\248.pdf,248
JN24960,Box 14_Client Box 14\ENL Maps 200-299\249.pdf,249
JN24960,Box 14_Client Box 14\ENL Maps 200-299\249A.pdf,249A
JN24960,Box 14_Client Box 14\ENL Maps 200-299\249B.pdf,249B
JN24960,Box 14_Client Box 14\ENL Maps 200-299\250.pdf,250
JN24960,Box 14_Client Box 14\ENL Maps 200-299\251.pdf,251
JN24960,Box 14_Client Box 14\ENL Maps 200-299\251A.pdf,251A
JN24960,Box 14_Client Box 14\ENL Maps 200-299\252.pdf,252
JN24960,Box 14_Client Box 14\ENL Maps 200-299\252A.pdf,252A
JN24960,Box 14_Client Box 14\ENL Maps 200-299\252B.pdf,252B
JN24960,Box 14_Client Box 14\ENL Maps 200-299\253.pdf,253
JN24960,Box 14_Client Box 14\ENL Maps 200-299\254.pdf,254
JN24960,Box 14_Client Box 14\ENL Maps 200-299\254A.pdf,254A
JN24960,Box 14_Client Box 14\ENL Maps 200-299\254B.pdf,254B
JN24960,Box 14_Client Box 14\ENL Maps 200-299\254C.pdf,254C
JN24960,Box 14_Client Box 14\ENL Maps 200-299\255.pdf,255
JN24960,Box 14_Client Box 14\ENL Maps 200-299\256.pdf,256
JN24960,Box 14_Client Box 14\ENL Maps 200-299\257.pdf,257
JN24960,Box 14_Client Box 14\ENL Maps 200-299\258.pdf,258
JN24960,Box 14_Client Box 14\ENL Maps 200-299\259.pdf,259
JN24960,Box 14_Client Box 14\ENL Maps 200-299\260.pdf,260
JN24960,Box 14_Client Box 14\ENL Maps 200-299\261.pdf,261
JN24960,Box 14_Client Box 14\ENL Maps 200-299\262.pdf,262
JN24960,Box 14_Client Box 14\ENL Maps 200-299\263.pdf,263
JN24960,Box 14_Client Box 14\ENL Maps 200-299\263A.pdf,263A
JN24960,Box 14_Client Box 14\ENL Maps 200-299\264.pdf,264
JN24960,Box 14_Client Box 14\ENL Maps 200-299\264A.pdf,264A
JN24960,Box 14_Client Box 14\ENL Maps 200-299\265.pdf,265
JN24960,Box 14_Client Box 14\ENL Maps 200-299\266.pdf,266
JN24960,Box 14_Client Box 14\ENL Maps 200-299\267_00001.pdf,267
JN24960,Box 14_Client Box 14\ENL Maps 200-299\267_00002.pdf,267
JN24960,Box 14_Client Box 14\ENL Maps 200-299\267.pdf,267
JN24960,Box 14_Client Box 14\ENL Maps 200-299\267A_00001.pdf,267A
JN24960,Box 14_Client Box 14\ENL Maps 200-299\267A.pdf,267A
JN24960,Box 14_Client Box 14\ENL Maps 200-299\267A(I).pdf,267A(I)
JN24960,Box 14_Client Box 14\ENL Maps 200-299\267B.pdf,267B
JN24960,Box 14_Client Box 14\ENL Maps 200-299\267D.pdf,267D
JN24960,Box 14_Client Box 14\ENL Maps 200-299\268.pdf,268
JN24960,Box 14_Client Box 14\ENL Maps 200-299\269.pdf,269
JN24960,Box 14_Client Box 14\ENL Maps 200-299\270.pdf,270
JN24960,Box 14_Client Box 14\ENL Maps 200-299\271.pdf,271
JN24960,Box 14_Client Box 14\ENL Maps 200-299\271A.pdf,271A
JN24960,Box 14_Client Box 14\ENL Maps 200-299\272.pdf,272
JN24960,Box 14_Client Box 14\ENL Maps 200-299\273.pdf,273
JN24960,Box 14_Client Box 14\ENL Maps 200-299\274.pdf,274
JN24960,Box 14_Client Box 14\ENL Maps 200-299\276.pdf,276
JN24960,Box 14_Client Box 14\ENL Maps 200-299\277.pdf,277
JN24960,Box 14_Client Box 14\ENL Maps 200-299\278.pdf,278
JN24960,Box 14_Client Box 14\ENL Maps 200-299\279.pdf,279
JN24960,Box 14_Client Box 14\ENL Maps 200-299\280.pdf,280
JN24960,Box 14_Client Box 14\ENL Maps 200-299\281.pdf,281
JN24960,Box 14_Client Box 14\ENL Maps 200-299\282 (B) (I).pdf,282 (B) (I)
JN24960,Box 14_Client Box 14\ENL Maps 200-299\282 (C) (3).pdf,282 (C) (3)
JN24960,Box 14_Client Box 14\ENL Maps 200-299\282 (C) (4)I.pdf,282 (C) (4)I
JN24960,Box 14_Client Box 14\ENL Maps 200-299\282 (C)2.pdf,282 (C)2
JN24960,Box 14_Client Box 14\ENL Maps 200-299\282 (C)I.pdf,282 (C)I
JN24960,Box 14_Client Box 14\ENL Maps 200-299\282.pdf,282
JN24960,Box 14_Client Box 14\ENL Maps 200-299\282A.pdf,282A
JN24960,Box 14_Client Box 14\ENL Maps 200-299\282B (II).pdf,282B (II)
JN24960,Box 14_Client Box 14\ENL Maps 200-299\282B.pdf,282B
JN24960,Box 14_Client Box 14\ENL Maps 200-299\282C.pdf,282C
JN24960,Box 14_Client Box 14\ENL Maps 200-299\283.pdf,283
JN24960,Box 14_Client Box 14\ENL Maps 200-299\284.pdf,284
JN24960,Box 14_Client Box 14\ENL Maps 200-299\285.pdf,285
JN24960,Box 14_Client Box 14\ENL Maps 200-299\286_00001.pdf,286
JN24960,Box 14_Client Box 14\ENL Maps 200-299\286_00002.pdf,286
JN24960,Box 14_Client Box 14\ENL Maps 200-299\286.pdf,286
JN24960,Box 14_Client Box 14\ENL Maps 200-299\286A.pdf,286A
JN24960,Box 14_Client Box 14\ENL Maps 200-299\286B.pdf,286B
JN24960,Box 14_Client Box 14\ENL Maps 200-299\286C.pdf,286C
JN24960,Box 14_Client Box 14\ENL Maps 200-299\286D.pdf,286D
JN24960,Box 14_Client Box 14\ENL Maps 200-299\286E_00001.pdf,286E
JN24960,Box 14_Client Box 14\ENL Maps 200-299\286E.pdf,286E
JN24960,Box 14_Client Box 14\ENL Maps 200-299\286F_00001.pdf,286F
JN24960,Box 14_Client Box 14\ENL Maps 200-299\286F.pdf,286F
JN24960,Box 14_Client Box 14\ENL Maps 200-299\287.pdf,287
JN24960,Box 14_Client Box 14\ENL Maps 200-299\288.pdf,288
JN24960,Box 14_Client Box 14\ENL Maps 200-299\289.pdf,289
JN24960,Box 14_Client Box 14\ENL Maps 200-299\290.pdf,290
JN24960,Box 14_Client Box 14\ENL Maps 200-299\290A.pdf,290A
JN24960,Box 14_Client Box 14\ENL Maps 200-299\291.pdf,291
JN24960,Box 14_Client Box 14\ENL Maps 200-299\292.pdf,292
JN24960,Box 14_Client Box 14\ENL Maps 200-299\293.pdf,293
JN24960,Box 14_Client Box 14\ENL Maps 200-299\293A.pdf,293A
JN24960,Box 14_Client Box 14\ENL Maps 200-299\294.pdf,294
JN24960,Box 14_Client Box 14\ENL Maps 200-299\295.pdf,295
JN24960,Box 14_Client Box 14\ENL Maps 200-299\295A.pdf,295A
JN24960,Box 14_Client Box 14\ENL Maps 200-299\296.pdf,296
JN24960,Box 14_Client Box 14\ENL Maps 200-299\297.pdf,297
JN24960,Box 14_Client Box 14\ENL Maps 200-299\298.pdf,298
JN24960,Box 14_Client Box 14\ENL Maps 200-299\299.pdf,299
JN24960,Box 14_Client Box 14\ENL Maps 200-299\Inventory.pdf,Inventory
JN24960,Box 14_Client Box 14\ENL Maps 300-399\300.pdf,300
JN24960,Box 14_Client Box 14\ENL Maps 300-399\301.pdf,301
JN24960,Box 14_Client Box 14\ENL Maps 300-399\302.pdf,302
JN24960,Box 14_Client Box 14\ENL Maps 300-399\303.pdf,303
JN24960,Box 14_Client Box 14\ENL Maps 300-399\304.pdf,304
JN24960,Box 14_Client Box 14\ENL Maps 300-399\305.pdf,305
JN24960,Box 14_Client Box 14\ENL Maps 300-399\306.pdf,306
JN24960,Box 14_Client Box 14\ENL Maps 300-399\307.pdf,307
JN24960,Box 14_Client Box 14\ENL Maps 300-399\308.pdf,308
JN24960,Box 14_Client Box 14\ENL Maps 300-399\309.pdf,309
JN24960,Box 14_Client Box 14\ENL Maps 300-399\310.pdf,310
JN24960,Box 14_Client Box 14\ENL Maps 300-399\311.pdf,311
JN24960,Box 14_Client Box 14\ENL Maps 300-399\311A.pdf,311A
JN24960,Box 14_Client Box 14\ENL Maps 300-399\312.pdf,312
JN24960,Box 14_Client Box 14\ENL Maps 300-399\313.pdf,313
JN24960,Box 14_Client Box 14\ENL Maps 300-399\314.pdf,314
JN24960,Box 14_Client Box 14\ENL Maps 300-399\315.pdf,315
JN24960,Box 14_Client Box 14\ENL Maps 300-399\316.pdf,316
JN24960,Box 14_Client Box 14\ENL Maps 300-399\317.pdf,317
JN24960,Box 14_Client Box 14\ENL Maps 300-399\318.pdf,318
JN24960,Box 14_Client Box 14\ENL Maps 300-399\319.pdf,319
JN24960,Box 14_Client Box 14\ENL Maps 300-399\320.pdf,320
JN24960,Box 14_Client Box 14\ENL Maps 300-399\321.pdf,321
JN24960,Box 14_Client Box 14\ENL Maps 300-399\322.pdf,322
JN24960,Box 14_Client Box 14\ENL Maps 300-399\323.pdf,323
JN24960,Box 14_Client Box 14\ENL Maps 300-399\324.pdf,324
JN24960,Box 14_Client Box 14\ENL Maps 300-399\325.pdf,325
JN24960,Box 14_Client Box 14\ENL Maps 300-399\326.pdf,326
JN24960,Box 14_Client Box 14\ENL Maps 300-399\327.pdf,327
JN24960,Box 14_Client Box 14\ENL Maps 300-399\328.pdf,328
JN24960,Box 14_Client Box 14\ENL Maps 300-399\329.pdf,329
JN24960,Box 14_Client Box 14\ENL Maps 300-399\330.pdf,330
JN24960,Box 14_Client Box 14\ENL Maps 300-399\331.pdf,331
JN24960,Box 14_Client Box 14\ENL Maps 300-399\332.pdf,332
JN24960,Box 14_Client Box 14\ENL Maps 300-399\333.pdf,333
JN24960,Box 14_Client Box 14\ENL Maps 300-399\334.pdf,334
JN24960,Box 14_Client Box 14\ENL Maps 300-399\336.pdf,336
JN24960,Box 14_Client Box 14\ENL Maps 300-399\337.pdf,337
JN24960,Box 14_Client Box 14\ENL Maps 300-399\338.pdf,338
JN24960,Box 14_Client Box 14\ENL Maps 300-399\339.pdf,339
JN24960,Box 14_Client Box 14\ENL Maps 300-399\340.pdf,340
JN24960,Box 14_Client Box 14\ENL Maps 300-399\341.pdf,341
JN24960,Box 14_Client Box 14\ENL Maps 300-399\342.pdf,342
JN24960,Box 14_Client Box 14\ENL Maps 300-399\343.pdf,343
JN24960,Box 14_Client Box 14\ENL Maps 300-399\344.pdf,344
JN24960,Box 14_Client Box 14\ENL Maps 300-399\345.pdf,345
JN24960,Box 14_Client Box 14\ENL Maps 300-399\346.pdf,346
JN24960,Box 14_Client Box 14\ENL Maps 300-399\347.pdf,347
JN24960,Box 14_Client Box 14\ENL Maps 300-399\348.pdf,348
JN24960,Box 14_Client Box 14\ENL Maps 300-399\349.pdf,349
JN24960,Box 14_Client Box 14\ENL Maps 300-399\350.pdf,350
JN24960,Box 14_Client Box 14\ENL Maps 300-399\351.pdf,351
JN24960,Box 14_Client Box 14\ENL Maps 300-399\351A.pdf,351A
JN24960,Box 14_Client Box 14\ENL Maps 300-399\352.pdf,352
JN24960,Box 14_Client Box 14\ENL Maps 300-399\353.pdf,353
JN24960,Box 14_Client Box 14\ENL Maps 300-399\353A.pdf,353A
JN24960,Box 14_Client Box 14\ENL Maps 300-399\353B.pdf,353B
JN24960,Box 14_Client Box 14\ENL Maps 300-399\354 & 354A.pdf,354 & 354A
JN24960,Box 14_Client Box 14\ENL Maps 300-399\354.pdf,354
JN24960,Box 14_Client Box 14\ENL Maps 300-399\354A.pdf,354A
JN24960,Box 14_Client Box 14\ENL Maps 300-399\355.pdf,355
JN24960,Box 14_Client Box 14\ENL Maps 300-399\356.pdf,356
JN24960,Box 14_Client Box 14\ENL Maps 300-399\357.pdf,357
JN24960,Box 14_Client Box 14\ENL Maps 300-399\358.pdf,358
JN24960,Box 14_Client Box 14\ENL Maps 300-399\359.pdf,359
JN24960,Box 14_Client Box 14\ENL Maps 300-399\360.pdf,360
JN24960,Box 14_Client Box 14\ENL Maps 300-399\361.pdf,361
JN24960,Box 14_Client Box 14\ENL Maps 300-399\362.pdf,362
JN24960,Box 14_Client Box 14\ENL Maps 300-399\362A.pdf,362A
JN24960,Box 14_Client Box 14\ENL Maps 300-399\363.pdf,363
JN24960,Box 14_Client Box 14\ENL Maps 300-399\363A.pdf,363A
JN24960,Box 14_Client Box 14\ENL Maps 300-399\363B.pdf,363B
JN24960,Box 14_Client Box 14\ENL Maps 300-399\364.pdf,364
JN24960,Box 14_Client Box 14\ENL Maps 300-399\365.pdf,365
JN24960,Box 14_Client Box 14\ENL Maps 300-399\366.pdf,366
JN24960,Box 14_Client Box 14\ENL Maps 300-399\367.pdf,367
JN24960,Box 14_Client Box 14\ENL Maps 300-399\368.pdf,368
JN24960,Box 14_Client Box 14\ENL Maps 300-399\369.pdf,369
JN24960,Box 14_Client Box 14\ENL Maps 300-399\370.pdf,370
JN24960,Box 14_Client Box 14\ENL Maps 300-399\371.pdf,371
JN24960,Box 14_Client Box 14\ENL Maps 300-399\372.pdf,372
JN24960,Box 14_Client Box 14\ENL Maps 300-399\373.pdf,373
JN24960,Box 14_Client Box 14\ENL Maps 300-399\374.pdf,374
JN24960,Box 14_Client Box 14\ENL Maps 300-399\375.pdf,375
JN24960,Box 14_Client Box 14\ENL Maps 300-399\376.pdf,376
JN24960,Box 14_Client Box 14\ENL Maps 300-399\376A.pdf,376A
JN24960,Box 14_Client Box 14\ENL Maps 300-399\377.pdf,377
JN24960,Box 14_Client Box 14\ENL Maps 300-399\377A.pdf,377A
JN24960,Box 14_Client Box 14\ENL Maps 300-399\378.pdf,378
JN24960,Box 14_Client Box 14\ENL Maps 300-399\379.pdf,379
JN24960,Box 14_Client Box 14\ENL Maps 300-399\380_00001.pdf,380
JN24960,Box 14_Client Box 14\ENL Maps 300-399\380.pdf,380
JN24960,Box 14_Client Box 14\ENL Maps 300-399\381.pdf,381
JN24960,Box 14_Client Box 14\ENL Maps 300-399\382.pdf,382
JN24960,Box 14_Client Box 14\ENL Maps 300-399\383.pdf,383
JN24960,Box 14_Client Box 14\ENL Maps 300-399\384.pdf,384
JN24960,Box 14_Client Box 14\ENL Maps 300-399\385.pdf,385
JN24960,Box 14_Client Box 14\ENL Maps 300-399\386.pdf,386
JN24960,Box 14_Client Box 14\ENL Maps 300-399\387.pdf,387
JN24960,Box 14_Client Box 14\ENL Maps 300-399\387A.pdf,387A
JN24960,Box 14_Client Box 14\ENL Maps 300-399\387B.pdf,387B
JN24960,Box 14_Client Box 14\ENL Maps 300-399\388.pdf,388
JN24960,Box 14_Client Box 14\ENL Maps 300-399\389.pdf,389
JN24960,Box 14_Client Box 14\ENL Maps 300-399\390.pdf,390
JN24960,Box 14_Client Box 14\ENL Maps 300-399\391.pdf,391
JN24960,Box 14_Client Box 14\ENL Maps 300-399\392.pdf,392
JN24960,Box 14_Client Box 14\ENL Maps 300-399\393.pdf,393
JN24960,Box 14_Client Box 14\ENL Maps 300-399\394.pdf,394
JN24960,Box 14_Client Box 14\ENL Maps 300-399\395.pdf,395
JN24960,Box 14_Client Box 14\ENL Maps 300-399\396.pdf,396
JN24960,Box 14_Client Box 14\ENL Maps 300-399\397.pdf,397
JN24960,Box 14_Client Box 14\ENL Maps 300-399\398.pdf,398
JN24960,Box 14_Client Box 14\ENL Maps 300-399\399.pdf,399
JN24960,Box 14_Client Box 14\ENL Maps 300-399\806.pdf,806
JN24960,Box 14_Client Box 14\ENL Maps 300-399\Inventory.pdf,Inventory
JN24960,Box 15_Client Box 15\ENL Maps 400-499\400_00001.pdf,400
JN24960,Box 15_Client Box 15\ENL Maps 400-499\400_00002.pdf,400
JN24960,Box 15_Client Box 15\ENL Maps 400-499\400_00003.pdf,400
JN24960,"Box 15_Client Box 15\ENL Maps 400-499\400, 400B, 400A.pdf","400, 400B, 400A"
JN24960,Box 15_Client Box 15\ENL Maps 400-499\400.pdf,400
JN24960,"Box 15_Client Box 15\ENL Maps 400-499\400A, 400.pdf","400A, 400"
JN24960,Box 15_Client Box 15\ENL Maps 400-499\400A.pdf,400A
JN24960,Box 15_Client Box 15\ENL Maps 400-499\400B.pdf,400B
JN24960,Box 15_Client Box 15\ENL Maps 400-499\400C_00001.pdf,400C
JN24960,Box 15_Client Box 15\ENL Maps 400-499\400C.pdf,400C
JN24960,Box 15_Client Box 15\ENL Maps 400-499\401.pdf,401
JN24960,Box 15_Client Box 15\ENL Maps 400-499\402.pdf,402
JN24960,Box 15_Client Box 15\ENL Maps 400-499\403.pdf,403
JN24960,Box 15_Client Box 15\ENL Maps 400-499\404.pdf,404
JN24960,Box 15_Client Box 15\ENL Maps 400-499\405.pdf,405
JN24960,Box 15_Client Box 15\ENL Maps 400-499\406.pdf,406
JN24960,Box 15_Client Box 15\ENL Maps 400-499\407.pdf,407
JN24960,Box 15_Client Box 15\ENL Maps 400-499\408.pdf,408
JN24960,Box 15_Client Box 15\ENL Maps 400-499\409.pdf,409
JN24960,Box 15_Client Box 15\ENL Maps 400-499\410.pdf,410
JN24960,Box 15_Client Box 15\ENL Maps 400-499\411.pdf,411
JN24960,Box 15_Client Box 15\ENL Maps 400-499\412.pdf,412
JN24960,Box 15_Client Box 15\ENL Maps 400-499\413.pdf,413
JN24960,Box 15_Client Box 15\ENL Maps 400-499\414.pdf,414
JN24960,Box 15_Client Box 15\ENL Maps 400-499\414A.pdf,414A
JN24960,Box 15_Client Box 15\ENL Maps 400-499\415.pdf,415
JN24960,Box 15_Client Box 15\ENL Maps 400-499\416.pdf,416
JN24960,Box 15_Client Box 15\ENL Maps 400-499\417.pdf,417
JN24960,Box 15_Client Box 15\ENL Maps 400-499\418.pdf,418
JN24960,Box 15_Client Box 15\ENL Maps 400-499\419.pdf,419
JN24960,Box 15_Client Box 15\ENL Maps 400-499\419A.pdf,419A
JN24960,Box 15_Client Box 15\ENL Maps 400-499\420.pdf,420
JN24960,Box 15_Client Box 15\ENL Maps 400-499\421.pdf,421
JN24960,Box 15_Client Box 15\ENL Maps 400-499\422.pdf,422
JN24960,Box 15_Client Box 15\ENL Maps 400-499\423.pdf,423
JN24960,Box 15_Client Box 15\ENL Maps 400-499\424.pdf,424
JN24960,Box 15_Client Box 15\ENL Maps 400-499\424A.pdf,424A
JN24960,Box 15_Client Box 15\ENL Maps 400-499\425.pdf,425
JN24960,Box 15_Client Box 15\ENL Maps 400-499\426.pdf,426
JN24960,Box 15_Client Box 15\ENL Maps 400-499\427.pdf,427
JN24960,Box 15_Client Box 15\ENL Maps 400-499\428.pdf,428
JN24960,Box 15_Client Box 15\ENL Maps 400-499\429.pdf,429
JN24960,Box 15_Client Box 15\ENL Maps 400-499\429A.pdf,429A
JN24960,Box 15_Client Box 15\ENL Maps 400-499\430.pdf,430
JN24960,Box 15_Client Box 15\ENL Maps 400-499\431.pdf,431
JN24960,Box 15_Client Box 15\ENL Maps 400-499\432.pdf,432
JN24960,Box 15_Client Box 15\ENL Maps 400-499\433.pdf,433
JN24960,Box 15_Client Box 15\ENL Maps 400-499\434.pdf,434
JN24960,Box 15_Client Box 15\ENL Maps 400-499\435.pdf,435
JN24960,Box 15_Client Box 15\ENL Maps 400-499\436.pdf,436
JN24960,Box 15_Client Box 15\ENL Maps 400-499\437.pdf,437
JN24960,Box 15_Client Box 15\ENL Maps 400-499\438.pdf,438
JN24960,Box 15_Client Box 15\ENL Maps 400-499\439.pdf,439
JN24960,Box 15_Client Box 15\ENL Maps 400-499\440.pdf,440
JN24960,Box 15_Client Box 15\ENL Maps 400-499\441.pdf,441
JN24960,Box 15_Client Box 15\ENL Maps 400-499\442.pdf,442
JN24960,Box 15_Client Box 15\ENL Maps 400-499\443.pdf,443
JN24960,Box 15_Client Box 15\ENL Maps 400-499\444.pdf,444
JN24960,Box 15_Client Box 15\ENL Maps 400-499\445.pdf,445
JN24960,Box 15_Client Box 15\ENL Maps 400-499\447_00001.pdf,447
JN24960,Box 15_Client Box 15\ENL Maps 400-499\447.pdf,447
JN24960,Box 15_Client Box 15\ENL Maps 400-499\447C.pdf,447C
JN24960,Box 15_Client Box 15\ENL Maps 400-499\447II_00001.pdf,447II
JN24960,Box 15_Client Box 15\ENL Maps 400-499\447II.pdf,447II
JN24960,Box 15_Client Box 15\ENL Maps 400-499\447III.pdf,447III
JN24960,Box 15_Client Box 15\ENL Maps 400-499\448.pdf,448
JN24960,Box 15_Client Box 15\ENL Maps 400-499\449.pdf,449
JN24960,Box 15_Client Box 15\ENL Maps 400-499\450.pdf,450
JN24960,Box 15_Client Box 15\ENL Maps 400-499\450A.pdf,450A
JN24960,Box 15_Client Box 15\ENL Maps 400-499\451.pdf,451
JN24960,Box 15_Client Box 15\ENL Maps 400-499\452.pdf,452
JN24960,Box 15_Client Box 15\ENL Maps 400-499\453_00001.pdf,453
JN24960,Box 15_Client Box 15\ENL Maps 400-499\453.pdf,453
JN24960,Box 15_Client Box 15\ENL Maps 400-499\453A.pdf,453A
JN24960,Box 15_Client Box 15\ENL Maps 400-499\455.pdf,455
JN24960,Box 15_Client Box 15\ENL Maps 400-499\456.pdf,456
JN24960,Box 15_Client Box 15\ENL Maps 400-499\457.pdf,457
JN24960,Box 15_Client Box 15\ENL Maps 400-499\458.pdf,458
JN24960,Box 15_Client Box 15\ENL Maps 400-499\459.pdf,459
JN24960,Box 15_Client Box 15\ENL Maps 400-499\459A.pdf,459A
JN24960,Box 15_Client Box 15\ENL Maps 400-499\460.pdf,460
JN24960,Box 15_Client Box 15\ENL Maps 400-499\460A.pdf,460A
JN24960,Box 15_Client Box 15\ENL Maps 400-499\460B.pdf,460B
JN24960,Box 15_Client Box 15\ENL Maps 400-499\460C.pdf,460C
JN24960,Box 15_Client Box 15\ENL Maps 400-499\461.pdf,461
JN24960,Box 15_Client Box 15\ENL Maps 400-499\462.pdf,462
JN24960,Box 15_Client Box 15\ENL Maps 400-499\463.pdf,463
JN24960,Box 15_Client Box 15\ENL Maps 400-499\464.pdf,464
JN24960,Box 15_Client Box 15\ENL Maps 400-499\465.pdf,465
JN24960,Box 15_Client Box 15\ENL Maps 400-499\466.pdf,466
JN24960,Box 15_Client Box 15\ENL Maps 400-499\467.pdf,467
JN24960,Box 15_Client Box 15\ENL Maps 400-499\468.pdf,468
JN24960,Box 15_Client Box 15\ENL Maps 400-499\469.pdf,469
JN24960,Box 15_Client Box 15\ENL Maps 400-499\470.pdf,470
JN24960,Box 15_Client Box 15\ENL Maps 400-499\471.pdf,471
JN24960,Box 15_Client Box 15\ENL Maps 400-499\472.pdf,472
JN24960,Box 15_Client Box 15\ENL Maps 400-499\473.pdf,473
JN24960,Box 15_Client Box 15\ENL Maps 400-499\474.pdf,474
JN24960,Box 15_Client Box 15\ENL Maps 400-499\475.pdf,475
JN24960,Box 15_Client Box 15\ENL Maps 400-499\476.pdf,476
JN24960,Box 15_Client Box 15\ENL Maps 400-499\477.pdf,477
JN24960,Box 15_Client Box 15\ENL Maps 400-499\477A.pdf,477A
JN24960,Box 15_Client Box 15\ENL Maps 400-499\478.pdf,478
JN24960,Box 15_Client Box 15\ENL Maps 400-499\479.pdf,479
JN24960,Box 15_Client Box 15\ENL Maps 400-499\480.pdf,480
JN24960,Box 15_Client Box 15\ENL Maps 400-499\481.pdf,481
JN24960,Box 15_Client Box 15\ENL Maps 400-499\482.pdf,482
JN24960,Box 15_Client Box 15\ENL Maps 400-499\483.pdf,483
JN24960,Box 15_Client Box 15\ENL Maps 400-499\484.pdf,484
JN24960,Box 15_Client Box 15\ENL Maps 400-499\485.pdf,485
JN24960,Box 15_Client Box 15\ENL Maps 400-499\486.pdf,486
JN24960,Box 15_Client Box 15\ENL Maps 400-499\487.pdf,487
JN24960,Box 15_Client Box 15\ENL Maps 400-499\488.pdf,488
JN24960,Box 15_Client Box 15\ENL Maps 400-499\489.pdf,489
JN24960,Box 15_Client Box 15\ENL Maps 400-499\490.pdf,490
JN24960,Box 15_Client Box 15\ENL Maps 400-499\490A.pdf,490A
JN24960,Box 15_Client Box 15\ENL Maps 400-499\490B.pdf,490B
JN24960,Box 15_Client Box 15\ENL Maps 400-499\490C.pdf,490C
JN24960,Box 15_Client Box 15\ENL Maps 400-499\490D.pdf,490D
JN24960,Box 15_Client Box 15\ENL Maps 400-499\490E.pdf,490E
JN24960,Box 15_Client Box 15\ENL Maps 400-499\491.pdf,491
JN24960,Box 15_Client Box 15\ENL Maps 400-499\492.pdf,492
JN24960,Box 15_Client Box 15\ENL Maps 400-499\493.pdf,493
JN24960,Box 15_Client Box 15\ENL Maps 400-499\494.pdf,494
JN24960,Box 15_Client Box 15\ENL Maps 400-499\495.pdf,495
JN24960,Box 15_Client Box 15\ENL Maps 400-499\495A.pdf,495A
JN24960,Box 15_Client Box 15\ENL Maps 400-499\496.pdf,496
JN24960,Box 15_Client Box 15\ENL Maps 400-499\497.pdf,497
JN24960,Box 15_Client Box 15\ENL Maps 400-499\498.pdf,498
JN24960,Box 15_Client Box 15\ENL Maps 400-499\498A.pdf,498A
JN24960,"Box 15_Client Box 15\ENL Maps 400-499\499, 499A_00001.pdf","499, 499A"
JN24960,"Box 15_Client Box 15\ENL Maps 400-499\499, 499A.pdf","499, 499A"
JN24960,Box 15_Client Box 15\ENL Maps 400-499\499.pdf,499
JN24960,Box 15_Client Box 15\ENL Maps 400-499\499A.pdf,499A
JN24960,Box 15_Client Box 15\ENL Maps 400-499\Inventory.pdf,Inventory
JN24960,Box 15_Client Box 15\ENL Maps 500-599\500.pdf,500
JN24960,Box 15_Client Box 15\ENL Maps 500-599\501.pdf,501
JN24960,Box 15_Client Box 15\ENL Maps 500-599\502.pdf,502
JN24960,Box 15_Client Box 15\ENL Maps 500-599\503.pdf,503
JN24960,Box 15_Client Box 15\ENL Maps 500-599\504.pdf,504
JN24960,Box 15_Client Box 15\ENL Maps 500-599\505.pdf,505
JN24960,Box 15_Client Box 15\ENL Maps 500-599\506.pdf,506
JN24960,Box 15_Client Box 15\ENL Maps 500-599\507.pdf,507
JN24960,Box 15_Client Box 15\ENL Maps 500-599\508.pdf,508
JN24960,Box 15_Client Box 15\ENL Maps 500-599\509.pdf,509
JN24960,Box 15_Client Box 15\ENL Maps 500-599\510.pdf,510
JN24960,Box 15_Client Box 15\ENL Maps 500-599\511 (A).pdf,511 (A)
JN24960,Box 15_Client Box 15\ENL Maps 500-599\511_00001.pdf,511
JN24960,Box 15_Client Box 15\ENL Maps 500-599\511.pdf,511
JN24960,Box 15_Client Box 15\ENL Maps 500-599\512.pdf,512
JN24960,Box 15_Client Box 15\ENL Maps 500-599\512A.pdf,512A
JN24960,Box 15_Client Box 15\ENL Maps 500-599\513.pdf,513
JN24960,Box 15_Client Box 15\ENL Maps 500-599\514.pdf,514
JN24960,Box 15_Client Box 15\ENL Maps 500-599\514A.pdf,514A
JN24960,Box 15_Client Box 15\ENL Maps 500-599\515.pdf,515
JN24960,Box 15_Client Box 15\ENL Maps 500-599\516 + 516A.pdf,516 + 516A
JN24960,Box 15_Client Box 15\ENL Maps 500-599\516.pdf,516
JN24960,Box 15_Client Box 15\ENL Maps 500-599\516A.pdf,516A
JN24960,Box 15_Client Box 15\ENL Maps 500-599\517.pdf,517
JN24960,Box 15_Client Box 15\ENL Maps 500-599\518.pdf,518
JN24960,Box 15_Client Box 15\ENL Maps 500-599\519.pdf,519
JN24960,Box 15_Client Box 15\ENL Maps 500-599\520.pdf,520
JN24960,Box 15_Client Box 15\ENL Maps 500-599\520A.pdf,520A
JN24960,Box 15_Client Box 15\ENL Maps 500-599\520B.pdf,520B
JN24960,Box 15_Client Box 15\ENL Maps 500-599\520C.pdf,520C
JN24960,Box 15_Client Box 15\ENL Maps 500-599\521.pdf,521
JN24960,Box 15_Client Box 15\ENL Maps 500-599\521A.pdf,521A
JN24960,Box 15_Client Box 15\ENL Maps 500-599\522.pdf,522
JN24960,Box 15_Client Box 15\ENL Maps 500-599\522(A).pdf,522(A)
JN24960,Box 15_Client Box 15\ENL Maps 500-599\522(B).pdf,522(B)
JN24960,Box 15_Client Box 15\ENL Maps 500-599\523.pdf,523
JN24960,Box 15_Client Box 15\ENL Maps 500-599\523A.pdf,523A
JN24960,Box 15_Client Box 15\ENL Maps 500-599\524.pdf,524
JN24960,Box 15_Client Box 15\ENL Maps 500-599\525.pdf,525
JN24960,Box 15_Client Box 15\ENL Maps 500-599\526.pdf,526
JN24960,Box 15_Client Box 15\ENL Maps 500-599\527.pdf,527
JN24960,Box 15_Client Box 15\ENL Maps 500-599\528.pdf,528
JN24960,Box 15_Client Box 15\ENL Maps 500-599\529.pdf,529
JN24960,Box 15_Client Box 15\ENL Maps 500-599\530.pdf,530
JN24960,Box 15_Client Box 15\ENL Maps 500-599\531.pdf,531
JN24960,Box 15_Client Box 15\ENL Maps 500-599\532.pdf,532
JN24960,Box 15_Client Box 15\ENL Maps 500-599\532A.pdf,532A
JN24960,Box 15_Client Box 15\ENL Maps 500-599\533.pdf,533
JN24960,Box 15_Client Box 15\ENL Maps 500-599\534.pdf,534
JN24960,Box 15_Client Box 15\ENL Maps 500-599\535(A).pdf,535(A)
JN24960,Box 15_Client Box 15\ENL Maps 500-599\535(B).pdf,535(B)
JN24960,Box 15_Client Box 15\ENL Maps 500-599\536.pdf,536
JN24960,Box 15_Client Box 15\ENL Maps 500-599\537.pdf,537
JN24960,Box 15_Client Box 15\ENL Maps 500-599\537A.pdf,537A
JN24960,Box 15_Client Box 15\ENL Maps 500-599\538.pdf,538
JN24960,Box 15_Client Box 15\ENL Maps 500-599\539.pdf,539
JN24960,Box 15_Client Box 15\ENL Maps 500-599\540.pdf,540
JN24960,Box 15_Client Box 15\ENL Maps 500-599\541.pdf,541
JN24960,Box 15_Client Box 15\ENL Maps 500-599\543.pdf,543
JN24960,Box 15_Client Box 15\ENL Maps 500-599\543A.pdf,543A
JN24960,Box 15_Client Box 15\ENL Maps 500-599\544.pdf,544
JN24960,Box 15_Client Box 15\ENL Maps 500-599\545.pdf,545
JN24960,Box 15_Client Box 15\ENL Maps 500-599\546.pdf,546
JN24960,Box 15_Client Box 15\ENL Maps 500-599\547.pdf,547
JN24960,Box 15_Client Box 15\ENL Maps 500-599\547A.pdf,547A
JN24960,Box 15_Client Box 15\ENL Maps 500-599\548.pdf,548
JN24960,Box 15_Client Box 15\ENL Maps 500-599\549.pdf,549
JN24960,Box 15_Client Box 15\ENL Maps 500-599\550.pdf,550
JN24960,Box 15_Client Box 15\ENL Maps 500-599\551.pdf,551
JN24960,Box 15_Client Box 15\ENL Maps 500-599\552.pdf,552
JN24960,Box 15_Client Box 15\ENL Maps 500-599\553.pdf,553
JN24960,Box 15_Client Box 15\ENL Maps 500-599\554.pdf,554
JN24960,Box 15_Client Box 15\ENL Maps 500-599\554(A).pdf,554(A)
JN24960,Box 15_Client Box 15\ENL Maps 500-599\555_00001.pdf,555
JN24960,Box 15_Client Box 15\ENL Maps 500-599\555.pdf,555
JN24960,Box 15_Client Box 15\ENL Maps 500-599\555A_00001.pdf,555A
JN24960,Box 15_Client Box 15\ENL Maps 500-599\555A.pdf,555A
JN24960,Box 15_Client Box 15\ENL Maps 500-599\556.pdf,556
JN24960,Box 15_Client Box 15\ENL Maps 500-599\557.pdf,557
JN24960,Box 15_Client Box 15\ENL Maps 500-599\558.pdf,558
JN24960,Box 15_Client Box 15\ENL Maps 500-599\559.pdf,559
JN24960,Box 15_Client Box 15\ENL Maps 500-599\559A.pdf,559A
JN24960,Box 15_Client Box 15\ENL Maps 500-599\560.pdf,560
JN24960,Box 15_Client Box 15\ENL Maps 500-599\561.pdf,561
JN24960,Box 15_Client Box 15\ENL Maps 500-599\562.pdf,562
JN24960,Box 15_Client Box 15\ENL Maps 500-599\563.pdf,563
JN24960,Box 15_Client Box 15\ENL Maps 500-599\564.pdf,564
JN24960,Box 15_Client Box 15\ENL Maps 500-599\565.pdf,565
JN24960,Box 15_Client Box 15\ENL Maps 500-599\566.pdf,566
JN24960,Box 15_Client Box 15\ENL Maps 500-599\567_00001.pdf,567
JN24960,Box 15_Client Box 15\ENL Maps 500-599\567.pdf,567
JN24960,Box 15_Client Box 15\ENL Maps 500-599\567(C)_00001.pdf,567(C)
JN24960,Box 15_Client Box 15\ENL Maps 500-599\567(C).pdf,567(C)
JN24960,Box 15_Client Box 15\ENL Maps 500-599\567A.pdf,567A
JN24960,Box 15_Client Box 15\ENL Maps 500-599\567B.pdf,567B
JN24960,Box 15_Client Box 15\ENL Maps 500-599\568.pdf,568
JN24960,Box 15_Client Box 15\ENL Maps 500-599\569.pdf,569
JN24960,Box 15_Client Box 15\ENL Maps 500-599\570.pdf,570
JN24960,Box 15_Client Box 15\ENL Maps 500-599\571.pdf,571
JN24960,Box 15_Client Box 15\ENL Maps 500-599\572.pdf,572
JN24960,Box 15_Client Box 15\ENL Maps 500-599\573.pdf,573
JN24960,Box 15_Client Box 15\ENL Maps 500-599\574.pdf,574
JN24960,Box 15_Client Box 15\ENL Maps 500-599\575.pdf,575
JN24960,Box 15_Client Box 15\ENL Maps 500-599\576.pdf,576
JN24960,Box 15_Client Box 15\ENL Maps 500-599\577.pdf,577
JN24960,Box 15_Client Box 15\ENL Maps 500-599\577A.pdf,577A
JN24960,Box 15_Client Box 15\ENL Maps 500-599\578.pdf,578
JN24960,Box 15_Client Box 15\ENL Maps 500-599\579.pdf,579
JN24960,Box 15_Client Box 15\ENL Maps 500-599\580.pdf,580
JN24960,Box 15_Client Box 15\ENL Maps 500-599\581.pdf,581
JN24960,Box 15_Client Box 15\ENL Maps 500-599\582.pdf,582
JN24960,Box 15_Client Box 15\ENL Maps 500-599\583.pdf,583
JN24960,Box 15_Client Box 15\ENL Maps 500-599\584.pdf,584
JN24960,Box 15_Client Box 15\ENL Maps 500-599\586.pdf,586
JN24960,Box 15_Client Box 15\ENL Maps 500-599\587.pdf,587
JN24960,Box 15_Client Box 15\ENL Maps 500-599\588.pdf,588
JN24960,Box 15_Client Box 15\ENL Maps 500-599\589.pdf,589
JN24960,Box 15_Client Box 15\ENL Maps 500-599\590.pdf,590
JN24960,Box 15_Client Box 15\ENL Maps 500-599\591.pdf,591
JN24960,Box 15_Client Box 15\ENL Maps 500-599\592.pdf,592
JN24960,Box 15_Client Box 15\ENL Maps 500-599\593.pdf,593
JN24960,Box 15_Client Box 15\ENL Maps 500-599\594.pdf,594
JN24960,Box 15_Client Box 15\ENL Maps 500-599\595.pdf,595
JN24960,Box 15_Client Box 15\ENL Maps 500-599\596.pdf,596
JN24960,Box 15_Client Box 15\ENL Maps 500-599\597.pdf,597
JN24960,Box 15_Client Box 15\ENL Maps 500-599\598.pdf,598
JN24960,Box 15_Client Box 15\ENL Maps 500-599\599.pdf,599
JN24960,Box 15_Client Box 15\ENL Maps 500-599\Inventory.pdf,Inventory
JN24960,Box 15_Client Box 15\ENL Maps 600-699\600.pdf,600
JN24960,Box 15_Client Box 15\ENL Maps 600-699\600A.pdf,600A
JN24960,Box 15_Client Box 15\ENL Maps 600-699\602.pdf,602
JN24960,Box 15_Client Box 15\ENL Maps 600-699\603.pdf,603
JN24960,Box 15_Client Box 15\ENL Maps 600-699\605.pdf,605
JN24960,Box 15_Client Box 15\ENL Maps 600-699\606.pdf,606
JN24960,Box 15_Client Box 15\ENL Maps 600-699\607.pdf,607
JN24960,Box 15_Client Box 15\ENL Maps 600-699\608.pdf,608
JN24960,Box 15_Client Box 15\ENL Maps 600-699\609.pdf,609
JN24960,Box 15_Client Box 15\ENL Maps 600-699\610.pdf,610
JN24960,Box 15_Client Box 15\ENL Maps 600-699\611.pdf,611
JN24960,Box 15_Client Box 15\ENL Maps 600-699\612_00001.pdf,612
JN24960,Box 15_Client Box 15\ENL Maps 600-699\612.pdf,612
JN24960,Box 15_Client Box 15\ENL Maps 600-699\612A.pdf,612A
JN24960,Box 15_Client Box 15\ENL Maps 600-699\612B.pdf,612B
JN24960,Box 15_Client Box 15\ENL Maps 600-699\613.pdf,613
JN24960,Box 15_Client Box 15\ENL Maps 600-699\614.pdf,614
JN24960,Box 15_Client Box 15\ENL Maps 600-699\615.pdf,615
JN24960,Box 15_Client Box 15\ENL Maps 600-699\616.pdf,616
JN24960,Box 15_Client Box 15\ENL Maps 600-699\617_00001.pdf,617
JN24960,Box 15_Client Box 15\ENL Maps 600-699\617.pdf,617
JN24960,Box 15_Client Box 15\ENL Maps 600-699\617A_00001.pdf,617A
JN24960,Box 15_Client Box 15\ENL Maps 600-699\617A.pdf,617A
JN24960,Box 15_Client Box 15\ENL Maps 600-699\618.pdf,618
JN24960,Box 15_Client Box 15\ENL Maps 600-699\619.pdf,619
JN24960,Box 15_Client Box 15\ENL Maps 600-699\620.pdf,620
JN24960,Box 15_Client Box 15\ENL Maps 600-699\621.pdf,621
JN24960,Box 15_Client Box 15\ENL Maps 600-699\622.pdf,622
JN24960,Box 15_Client Box 15\ENL Maps 600-699\623_00001.pdf,623
JN24960,Box 15_Client Box 15\ENL Maps 600-699\623.pdf,623
JN24960,Box 15_Client Box 15\ENL Maps 600-699\623A.pdf,623A
JN24960,Box 15_Client Box 15\ENL Maps 600-699\623B.pdf,623B
JN24960,Box 15_Client Box 15\ENL Maps 600-699\624_00001.pdf,624
JN24960,Box 15_Client Box 15\ENL Maps 600-699\624.pdf,624
JN24960,Box 15_Client Box 15\ENL Maps 600-699\624A.pdf,624A
JN24960,Box 15_Client Box 15\ENL Maps 600-699\624B.pdf,624B
JN24960,Box 15_Client Box 15\ENL Maps 600-699\626.pdf,626
JN24960,Box 15_Client Box 15\ENL Maps 600-699\627.pdf,627
JN24960,Box 15_Client Box 15\ENL Maps 600-699\628.pdf,628
JN24960,Box 15_Client Box 15\ENL Maps 600-699\629.pdf,629
JN24960,Box 15_Client Box 15\ENL Maps 600-699\630.pdf,630
JN24960,Box 15_Client Box 15\ENL Maps 600-699\631.pdf,631
JN24960,Box 15_Client Box 15\ENL Maps 600-699\632.pdf,632
JN24960,Box 15_Client Box 15\ENL Maps 600-699\633.pdf,633
JN24960,Box 15_Client Box 15\ENL Maps 600-699\634.pdf,634
JN24960,Box 15_Client Box 15\ENL Maps 600-699\635.pdf,635
JN24960,Box 15_Client Box 15\ENL Maps 600-699\636.pdf,636
JN24960,Box 15_Client Box 15\ENL Maps 600-699\637.pdf,637
JN24960,Box 15_Client Box 15\ENL Maps 600-699\638.pdf,638
JN24960,Box 15_Client Box 15\ENL Maps 600-699\639_00001.pdf,639
JN24960,Box 15_Client Box 15\ENL Maps 600-699\639_00002.pdf,639
JN24960,Box 15_Client Box 15\ENL Maps 600-699\639.pdf,639
JN24960,Box 15_Client Box 15\ENL Maps 600-699\639A_00001.pdf,639A
JN24960,Box 15_Client Box 15\ENL Maps 600-699\639A_00002.pdf,639A
JN24960,Box 15_Client Box 15\ENL Maps 600-699\639A.pdf,639A
JN24960,Box 15_Client Box 15\ENL Maps 600-699\640.pdf,640
JN24960,Box 15_Client Box 15\ENL Maps 600-699\641.pdf,641
JN24960,Box 15_Client Box 15\ENL Maps 600-699\641A.pdf,641A
JN24960,Box 15_Client Box 15\ENL Maps 600-699\642.pdf,642
JN24960,Box 15_Client Box 15\ENL Maps 600-699\643.pdf,643
JN24960,Box 15_Client Box 15\ENL Maps 600-699\644.pdf,644
JN24960,Box 15_Client Box 15\ENL Maps 600-699\645.pdf,645
JN24960,Box 15_Client Box 15\ENL Maps 600-699\646_00001.pdf,646
JN24960,Box 15_Client Box 15\ENL Maps 600-699\646.pdf,646
JN24960,Box 15_Client Box 15\ENL Maps 600-699\646A.pdf,646A
JN24960,Box 15_Client Box 15\ENL Maps 600-699\647.pdf,647
JN24960,Box 15_Client Box 15\ENL Maps 600-699\648.pdf,648
JN24960,Box 15_Client Box 15\ENL Maps 600-699\649.pdf,649
JN24960,Box 15_Client Box 15\ENL Maps 600-699\650.pdf,650
JN24960,Box 15_Client Box 15\ENL Maps 600-699\651.pdf,651
JN24960,Box 15_Client Box 15\ENL Maps 600-699\652.pdf,652
JN24960,Box 15_Client Box 15\ENL Maps 600-699\653.pdf,653
JN24960,Box 15_Client Box 15\ENL Maps 600-699\653I.pdf,653I
JN24960,Box 15_Client Box 15\ENL Maps 600-699\654.pdf,654
JN24960,Box 15_Client Box 15\ENL Maps 600-699\655.pdf,655
JN24960,Box 15_Client Box 15\ENL Maps 600-699\656.pdf,656
JN24960,Box 15_Client Box 15\ENL Maps 600-699\657.pdf,657
JN24960,Box 15_Client Box 15\ENL Maps 600-699\658.pdf,658
JN24960,Box 15_Client Box 15\ENL Maps 600-699\659.pdf,659
JN24960,Box 15_Client Box 15\ENL Maps 600-699\660.pdf,660
JN24960,Box 15_Client Box 15\ENL Maps 600-699\661.pdf,661
JN24960,Box 15_Client Box 15\ENL Maps 600-699\662.pdf,662
JN24960,Box 15_Client Box 15\ENL Maps 600-699\663.pdf,663
JN24960,Box 15_Client Box 15\ENL Maps 600-699\664.pdf,664
JN24960,Box 15_Client Box 15\ENL Maps 600-699\665.pdf,665
JN24960,Box 15_Client Box 15\ENL Maps 600-699\666.pdf,666
JN24960,Box 15_Client Box 15\ENL Maps 600-699\667.pdf,667
JN24960,Box 15_Client Box 15\ENL Maps 600-699\668.pdf,668
JN24960,Box 15_Client Box 15\ENL Maps 600-699\669.pdf,669
JN24960,Box 15_Client Box 15\ENL Maps 600-699\670.pdf,670
JN24960,Box 15_Client Box 15\ENL Maps 600-699\671.pdf,671
JN24960,Box 15_Client Box 15\ENL Maps 600-699\672.pdf,672
JN24960,Box 15_Client Box 15\ENL Maps 600-699\673.pdf,673
JN24960,Box 15_Client Box 15\ENL Maps 600-699\674.pdf,674
JN24960,Box 15_Client Box 15\ENL Maps 600-699\675.pdf,675
JN24960,Box 15_Client Box 15\ENL Maps 600-699\676.pdf,676
JN24960,Box 15_Client Box 15\ENL Maps 600-699\677.pdf,677
JN24960,Box 15_Client Box 15\ENL Maps 600-699\678.pdf,678
JN24960,Box 15_Client Box 15\ENL Maps 600-699\679.pdf,679
JN24960,Box 15_Client Box 15\ENL Maps 600-699\680.pdf,680
JN24960,Box 15_Client Box 15\ENL Maps 600-699\681.pdf,681
JN24960,Box 15_Client Box 15\ENL Maps 600-699\681A.pdf,681A
JN24960,Box 15_Client Box 15\ENL Maps 600-699\681B.pdf,681B
JN24960,Box 15_Client Box 15\ENL Maps 600-699\682.pdf,682
JN24960,Box 15_Client Box 15\ENL Maps 600-699\683.pdf,683
JN24960,Box 15_Client Box 15\ENL Maps 600-699\684.pdf,684
JN24960,Box 15_Client Box 15\ENL Maps 600-699\685.pdf,685
JN24960,Box 15_Client Box 15\ENL Maps 600-699\686.pdf,686
JN24960,Box 15_Client Box 15\ENL Maps 600-699\686A.pdf,686A
JN24960,Box 15_Client Box 15\ENL Maps 600-699\687.pdf,687
JN24960,Box 15_Client Box 15\ENL Maps 600-699\688.pdf,688
JN24960,Box 15_Client Box 15\ENL Maps 600-699\689.pdf,689
JN24960,Box 15_Client Box 15\ENL Maps 600-699\690.pdf,690
JN24960,Box 15_Client Box 15\ENL Maps 600-699\691.pdf,691
JN24960,Box 15_Client Box 15\ENL Maps 600-699\692.pdf,692
JN24960,Box 15_Client Box 15\ENL Maps 600-699\693.pdf,693
JN24960,Box 15_Client Box 15\ENL Maps 600-699\694.pdf,694
JN24960,Box 15_Client Box 15\ENL Maps 600-699\695.pdf,695
JN24960,Box 15_Client Box 15\ENL Maps 600-699\696.pdf,696
JN24960,Box 15_Client Box 15\ENL Maps 600-699\697.pdf,697
JN24960,Box 15_Client Box 15\ENL Maps 600-699\698.pdf,698
JN24960,Box 15_Client Box 15\ENL Maps 600-699\699.pdf,699
JN24960,Box 15_Client Box 15\ENL Maps 600-699\938.pdf,938
JN24960,Box 15_Client Box 15\ENL Maps 600-699\Inventory.pdf,Inventory
JN24960,Box 15_Client Box 15\ENL Maps 700-750\700.pdf,700
JN24960,Box 15_Client Box 15\ENL Maps 700-750\701.pdf,701
JN24960,Box 15_Client Box 15\ENL Maps 700-750\702.pdf,702
JN24960,Box 15_Client Box 15\ENL Maps 700-750\703.pdf,703
JN24960,Box 15_Client Box 15\ENL Maps 700-750\704.pdf,704
JN24960,Box 15_Client Box 15\ENL Maps 700-750\705.pdf,705
JN24960,Box 15_Client Box 15\ENL Maps 700-750\706_00001.pdf,706
JN24960,Box 15_Client Box 15\ENL Maps 700-750\706.pdf,706
JN24960,Box 15_Client Box 15\ENL Maps 700-750\706A.pdf,706A
JN24960,Box 15_Client Box 15\ENL Maps 700-750\707.pdf,707
JN24960,Box 15_Client Box 15\ENL Maps 700-750\708.pdf,708
JN24960,Box 15_Client Box 15\ENL Maps 700-750\708A.pdf,708A
JN24960,Box 15_Client Box 15\ENL Maps 700-750\709.pdf,709
JN24960,Box 15_Client Box 15\ENL Maps 700-750\710.pdf,710
JN24960,Box 15_Client Box 15\ENL Maps 700-750\711.pdf,711
JN24960,Box 15_Client Box 15\ENL Maps 700-750\712.pdf,712
JN24960,Box 15_Client Box 15\ENL Maps 700-750\713.pdf,713
JN24960,Box 15_Client Box 15\ENL Maps 700-750\714.pdf,714
JN24960,"Box 15_Client Box 15\ENL Maps 700-750\715, 686A.pdf","715, 686A"
JN24960,Box 15_Client Box 15\ENL Maps 700-750\715.pdf,715
JN24960,Box 15_Client Box 15\ENL Maps 700-750\716.pdf,716
JN24960,Box 15_Client Box 15\ENL Maps 700-750\717.pdf,717
JN24960,Box 15_Client Box 15\ENL Maps 700-750\718.pdf,718
JN24960,Box 15_Client Box 15\ENL Maps 700-750\719.pdf,719
JN24960,Box 15_Client Box 15\ENL Maps 700-750\720.pdf,720
JN24960,Box 15_Client Box 15\ENL Maps 700-750\721.pdf,721
JN24960,Box 15_Client Box 15\ENL Maps 700-750\722.pdf,722
JN24960,Box 15_Client Box 15\ENL Maps 700-750\723.pdf,723
JN24960,Box 15_Client Box 15\ENL Maps 700-750\724.pdf,724
JN24960,Box 15_Client Box 15\ENL Maps 700-750\725.pdf,725
JN24960,Box 15_Client Box 15\ENL Maps 700-750\726.pdf,726
JN24960,Box 15_Client Box 15\ENL Maps 700-750\727.pdf,727
JN24960,Box 15_Client Box 15\ENL Maps 700-750\728.pdf,728
JN24960,Box 15_Client Box 15\ENL Maps 700-750\729.pdf,729
JN24960,Box 15_Client Box 15\ENL Maps 700-750\730.pdf,730
JN24960,Box 15_Client Box 15\ENL Maps 700-750\731.pdf,731
JN24960,Box 15_Client Box 15\ENL Maps 700-750\732.pdf,732
JN24960,Box 15_Client Box 15\ENL Maps 700-750\733.pdf,733
JN24960,Box 15_Client Box 15\ENL Maps 700-750\734.pdf,734
JN24960,Box 15_Client Box 15\ENL Maps 700-750\735.pdf,735
JN24960,Box 15_Client Box 15\ENL Maps 700-750\735A.pdf,735A
JN24960,Box 15_Client Box 15\ENL Maps 700-750\736.pdf,736
JN24960,Box 15_Client Box 15\ENL Maps 700-750\737_00001.pdf,737
JN24960,"Box 15_Client Box 15\ENL Maps 700-750\737, 692.pdf","737, 692"
JN24960,Box 15_Client Box 15\ENL Maps 700-750\737.pdf,737
JN24960,Box 15_Client Box 15\ENL Maps 700-750\738.pdf,738
JN24960,Box 15_Client Box 15\ENL Maps 700-750\739.pdf,739
JN24960,Box 15_Client Box 15\ENL Maps 700-750\740.pdf,740
JN24960,Box 15_Client Box 15\ENL Maps 700-750\741.pdf,741
JN24960,Box 15_Client Box 15\ENL Maps 700-750\742.pdf,742
JN24960,Box 15_Client Box 15\ENL Maps 700-750\743.pdf,743
JN24960,Box 15_Client Box 15\ENL Maps 700-750\744.pdf,744
JN24960,Box 15_Client Box 15\ENL Maps 700-750\745A.pdf,745A
JN24960,Box 15_Client Box 15\ENL Maps 700-750\746.pdf,746
JN24960,Box 15_Client Box 15\ENL Maps 700-750\747.pdf,747
JN24960,Box 15_Client Box 15\ENL Maps 700-750\748.pdf,748
JN24960,Box 15_Client Box 15\ENL Maps 700-750\749_00001.pdf,749
JN24960,Box 15_Client Box 15\ENL Maps 700-750\749.pdf,749
JN24960,Box 15_Client Box 15\ENL Maps 700-750\749A.pdf,749A
JN24960,Box 15_Client Box 15\ENL Maps 700-750\750.pdf,750
JN24960,Box 15_Client Box 15\ENL Maps 700-750\Inventory.pdf,Inventory
JN24960,Box 16_Client Box 16\ENL Maps 751-799\751.pdf,751
JN24960,Box 16_Client Box 16\ENL Maps 751-799\752.pdf,752
JN24960,Box 16_Client Box 16\ENL Maps 751-799\753.pdf,753
JN24960,Box 16_Client Box 16\ENL Maps 751-799\755.pdf,755
JN24960,Box 16_Client Box 16\ENL Maps 751-799\756.pdf,756
JN24960,Box 16_Client Box 16\ENL Maps 751-799\757.pdf,757
JN24960,Box 16_Client Box 16\ENL Maps 751-799\758.pdf,758
JN24960,Box 16_Client Box 16\ENL Maps 751-799\759.pdf,759
JN24960,Box 16_Client Box 16\ENL Maps 751-799\760.pdf,760
JN24960,Box 16_Client Box 16\ENL Maps 751-799\761.pdf,761
JN24960,Box 16_Client Box 16\ENL Maps 751-799\762.pdf,762
JN24960,Box 16_Client Box 16\ENL Maps 751-799\763.pdf,763
JN24960,Box 16_Client Box 16\ENL Maps 751-799\764.pdf,764
JN24960,Box 16_Client Box 16\ENL Maps 751-799\765.pdf,765
JN24960,Box 16_Client Box 16\ENL Maps 751-799\766.pdf,766
JN24960,Box 16_Client Box 16\ENL Maps 751-799\767.pdf,767
JN24960,Box 16_Client Box 16\ENL Maps 751-799\768.pdf,768
JN24960,Box 16_Client Box 16\ENL Maps 751-799\769.pdf,769
JN24960,Box 16_Client Box 16\ENL Maps 751-799\770.pdf,770
JN24960,Box 16_Client Box 16\ENL Maps 751-799\771.pdf,771
JN24960,Box 16_Client Box 16\ENL Maps 751-799\771A.pdf,771A
JN24960,Box 16_Client Box 16\ENL Maps 751-799\772.pdf,772
JN24960,Box 16_Client Box 16\ENL Maps 751-799\773.pdf,773
JN24960,Box 16_Client Box 16\ENL Maps 751-799\774.pdf,774
JN24960,Box 16_Client Box 16\ENL Maps 751-799\775.pdf,775
JN24960,Box 16_Client Box 16\ENL Maps 751-799\776.pdf,776
JN24960,Box 16_Client Box 16\ENL Maps 751-799\777_00001.pdf,777
JN24960,Box 16_Client Box 16\ENL Maps 751-799\777.pdf,777
JN24960,Box 16_Client Box 16\ENL Maps 751-799\777A.pdf,777A
JN24960,Box 16_Client Box 16\ENL Maps 751-799\778.pdf,778
JN24960,Box 16_Client Box 16\ENL Maps 751-799\779.pdf,779
JN24960,Box 16_Client Box 16\ENL Maps 751-799\780.pdf,780
JN24960,Box 16_Client Box 16\ENL Maps 751-799\781.pdf,781
JN24960,Box 16_Client Box 16\ENL Maps 751-799\782.pdf,782
JN24960,Box 16_Client Box 16\ENL Maps 751-799\783.pdf,783
JN24960,Box 16_Client Box 16\ENL Maps 751-799\784.pdf,784
JN24960,Box 16_Client Box 16\ENL Maps 751-799\785.pdf,785
JN24960,Box 16_Client Box 16\ENL Maps 751-799\786.pdf,786
JN24960,Box 16_Client Box 16\ENL Maps 751-799\787.pdf,787
JN24960,Box 16_Client Box 16\ENL Maps 751-799\788.pdf,788
JN24960,Box 16_Client Box 16\ENL Maps 751-799\789.pdf,789
JN24960,Box 16_Client Box 16\ENL Maps 751-799\790.pdf,790
JN24960,Box 16_Client Box 16\ENL Maps 751-799\791.pdf,791
JN24960,Box 16_Client Box 16\ENL Maps 751-799\792.pdf,792
JN24960,Box 16_Client Box 16\ENL Maps 751-799\792A.pdf,792A
JN24960,Box 16_Client Box 16\ENL Maps 751-799\793.pdf,793
JN24960,Box 16_Client Box 16\ENL Maps 751-799\794.pdf,794
JN24960,Box 16_Client Box 16\ENL Maps 751-799\794A.pdf,794A
JN24960,Box 16_Client Box 16\ENL Maps 751-799\794B.pdf,794B
JN24960,Box 16_Client Box 16\ENL Maps 751-799\795.pdf,795
JN24960,Box 16_Client Box 16\ENL Maps 751-799\796.pdf,796
JN24960,Box 16_Client Box 16\ENL Maps 751-799\797.pdf,797
JN24960,Box 16_Client Box 16\ENL Maps 751-799\798.pdf,798
JN24960,Box 16_Client Box 16\ENL Maps 751-799\799.pdf,799
JN24960,Box 16_Client Box 16\ENL Maps 751-799\Inventory.pdf,Inventory
JN24960,Box 16_Client Box 16\ENL Maps 800-835\380.pdf,380
JN24960,Box 16_Client Box 16\ENL Maps 800-835\800.pdf,800
JN24960,Box 16_Client Box 16\ENL Maps 800-835\801.pdf,801
JN24960,Box 16_Client Box 16\ENL Maps 800-835\802_00001.pdf,802
JN24960,Box 16_Client Box 16\ENL Maps 800-835\802.pdf,802
JN24960,Box 16_Client Box 16\ENL Maps 800-835\803.pdf,803
JN24960,Box 16_Client Box 16\ENL Maps 800-835\804.pdf,804
JN24960,Box 16_Client Box 16\ENL Maps 800-835\805.pdf,805
JN24960,Box 16_Client Box 16\ENL Maps 800-835\806.pdf,806
JN24960,Box 16_Client Box 16\ENL Maps 800-835\807.pdf,807
JN24960,Box 16_Client Box 16\ENL Maps 800-835\808.pdf,808
JN24960,Box 16_Client Box 16\ENL Maps 800-835\809.pdf,809
JN24960,Box 16_Client Box 16\ENL Maps 800-835\810.pdf,810
JN24960,Box 16_Client Box 16\ENL Maps 800-835\811.pdf,811
JN24960,Box 16_Client Box 16\ENL Maps 800-835\812.pdf,812
JN24960,Box 16_Client Box 16\ENL Maps 800-835\813.pdf,813
JN24960,Box 16_Client Box 16\ENL Maps 800-835\814.pdf,814
JN24960,Box 16_Client Box 16\ENL Maps 800-835\815.pdf,815
JN24960,Box 16_Client Box 16\ENL Maps 800-835\816.pdf,816
JN24960,Box 16_Client Box 16\ENL Maps 800-835\817.pdf,817
JN24960,Box 16_Client Box 16\ENL Maps 800-835\818.pdf,818
JN24960,Box 16_Client Box 16\ENL Maps 800-835\819.pdf,819
JN24960,Box 16_Client Box 16\ENL Maps 800-835\820 & 820I.pdf,820 & 820I
JN24960,Box 16_Client Box 16\ENL Maps 800-835\820.pdf,820
JN24960,Box 16_Client Box 16\ENL Maps 800-835\821.pdf,821
JN24960,"Box 16_Client Box 16\ENL Maps 800-835\822, 823.pdf","822, 823"
JN24960,Box 16_Client Box 16\ENL Maps 800-835\822.pdf,822
JN24960,Box 16_Client Box 16\ENL Maps 800-835\823.pdf,823
JN24960,Box 16_Client Box 16\ENL Maps 800-835\824.pdf,824
JN24960,Box 16_Client Box 16\ENL Maps 800-835\825.pdf,825
JN24960,Box 16_Client Box 16\ENL Maps 800-835\826.pdf,826
JN24960,Box 16_Client Box 16\ENL Maps 800-835\827.pdf,827
JN24960,Box 16_Client Box 16\ENL Maps 800-835\828.pdf,828
JN24960,Box 16_Client Box 16\ENL Maps 800-835\829.pdf,829
JN24960,Box 16_Client Box 16\ENL Maps 800-835\830.pdf,830
JN24960,Box 16_Client Box 16\ENL Maps 800-835\831.pdf,831
JN24960,Box 16_Client Box 16\ENL Maps 800-835\832.pdf,832
JN24960,Box 16_Client Box 16\ENL Maps 800-835\833.pdf,833
JN24960,Box 16_Client Box 16\ENL Maps 800-835\834.pdf,834
JN24960,Box 16_Client Box 16\ENL Maps 800-835\835.pdf,835
JN24960,Box 16_Client Box 16\ENL Maps 800-835\Inventory.pdf,Inventory
JN24960,Box 16_Client Box 16\ENL Maps 836-870\836.pdf,836
JN24960,Box 16_Client Box 16\ENL Maps 836-870\837.pdf,837
JN24960,Box 16_Client Box 16\ENL Maps 836-870\838.pdf,838
JN24960,Box 16_Client Box 16\ENL Maps 836-870\839.pdf,839
JN24960,Box 16_Client Box 16\ENL Maps 836-870\840.pdf,840
JN24960,Box 16_Client Box 16\ENL Maps 836-870\841.pdf,841
JN24960,Box 16_Client Box 16\ENL Maps 836-870\842.pdf,842
JN24960,Box 16_Client Box 16\ENL Maps 836-870\843.pdf,843
JN24960,Box 16_Client Box 16\ENL Maps 836-870\844_00001.pdf,844
JN24960,Box 16_Client Box 16\ENL Maps 836-870\844.pdf,844
JN24960,Box 16_Client Box 16\ENL Maps 836-870\844A_00001.pdf,844A
JN24960,Box 16_Client Box 16\ENL Maps 836-870\844A.pdf,844A
JN24960,Box 16_Client Box 16\ENL Maps 836-870\844B.pdf,844B
JN24960,Box 16_Client Box 16\ENL Maps 836-870\845.pdf,845
JN24960,Box 16_Client Box 16\ENL Maps 836-870\846.pdf,846
JN24960,Box 16_Client Box 16\ENL Maps 836-870\847.pdf,847
JN24960,Box 16_Client Box 16\ENL Maps 836-870\848.pdf,848
JN24960,Box 16_Client Box 16\ENL Maps 836-870\849.pdf,849
JN24960,Box 16_Client Box 16\ENL Maps 836-870\850.pdf,850
JN24960,Box 16_Client Box 16\ENL Maps 836-870\851.pdf,851
JN24960,Box 16_Client Box 16\ENL Maps 836-870\852.pdf,852
JN24960,Box 16_Client Box 16\ENL Maps 836-870\853.pdf,853
JN24960,Box 16_Client Box 16\ENL Maps 836-870\853A_00001.pdf,853A
JN24960,Box 16_Client Box 16\ENL Maps 836-870\853A.pdf,853A
JN24960,Box 16_Client Box 16\ENL Maps 836-870\854.pdf,854
JN24960,Box 16_Client Box 16\ENL Maps 836-870\855.pdf,855
JN24960,Box 16_Client Box 16\ENL Maps 836-870\856.pdf,856
JN24960,Box 16_Client Box 16\ENL Maps 836-870\857.pdf,857
JN24960,Box 16_Client Box 16\ENL Maps 836-870\858.pdf,858
JN24960,Box 16_Client Box 16\ENL Maps 836-870\859.pdf,859
JN24960,Box 16_Client Box 16\ENL Maps 836-870\860_00001.pdf,860
JN24960,Box 16_Client Box 16\ENL Maps 836-870\860.pdf,860
JN24960,Box 16_Client Box 16\ENL Maps 836-870\861.pdf,861
JN24960,Box 16_Client Box 16\ENL Maps 836-870\862.pdf,862
JN24960,Box 16_Client Box 16\ENL Maps 836-870\863.pdf,863
JN24960,Box 16_Client Box 16\ENL Maps 836-870\864.pdf,864
JN24960,Box 16_Client Box 16\ENL Maps 836-870\864A.pdf,864A
JN24960,Box 16_Client Box 16\ENL Maps 836-870\865.pdf,865
JN24960,Box 16_Client Box 16\ENL Maps 836-870\866.pdf,866
JN24960,Box 16_Client Box 16\ENL Maps 836-870\867.pdf,867
JN24960,Box 16_Client Box 16\ENL Maps 836-870\868.pdf,868
JN24960,Box 16_Client Box 16\ENL Maps 836-870\869.pdf,869
JN24960,Box 16_Client Box 16\ENL Maps 836-870\870.pdf,870
JN24960,Box 16_Client Box 16\ENL Maps 836-870\Inventory.pdf,Inventory
JN24960,Box 16_Client Box 16\ENL Maps 871-914\871_00001.pdf,871
JN24960,Box 16_Client Box 16\ENL Maps 871-914\871_00002.pdf,871
JN24960,"Box 16_Client Box 16\ENL Maps 871-914\871, 871A.pdf","871, 871A"
JN24960,Box 16_Client Box 16\ENL Maps 871-914\871.pdf,871
JN24960,Box 16_Client Box 16\ENL Maps 871-914\871A_00001.pdf,871A
JN24960,Box 16_Client Box 16\ENL Maps 871-914\871A.pdf,871A
JN24960,Box 16_Client Box 16\ENL Maps 871-914\872.pdf,872
JN24960,Box 16_Client Box 16\ENL Maps 871-914\873.pdf,873
JN24960,Box 16_Client Box 16\ENL Maps 871-914\874.pdf,874
JN24960,Box 16_Client Box 16\ENL Maps 871-914\875.pdf,875
JN24960,Box 16_Client Box 16\ENL Maps 871-914\876.pdf,876
JN24960,Box 16_Client Box 16\ENL Maps 871-914\877.pdf,877
JN24960,Box 16_Client Box 16\ENL Maps 871-914\878.pdf,878
JN24960,Box 16_Client Box 16\ENL Maps 871-914\879.pdf,879
JN24960,Box 16_Client Box 16\ENL Maps 871-914\880.pdf,880
JN24960,Box 16_Client Box 16\ENL Maps 871-914\881.pdf,881
JN24960,Box 16_Client Box 16\ENL Maps 871-914\882.pdf,882
JN24960,Box 16_Client Box 16\ENL Maps 871-914\883.pdf,883
JN24960,Box 16_Client Box 16\ENL Maps 871-914\884.pdf,884
JN24960,Box 16_Client Box 16\ENL Maps 871-914\885.pdf,885
JN24960,Box 16_Client Box 16\ENL Maps 871-914\886_00001.pdf,886
JN24960,Box 16_Client Box 16\ENL Maps 871-914\886_00002.pdf,886
JN24960,Box 16_Client Box 16\ENL Maps 871-914\886.pdf,886
JN24960,Box 16_Client Box 16\ENL Maps 871-914\886A_00001.pdf,886A
JN24960,Box 16_Client Box 16\ENL Maps 871-914\886A.pdf,886A
JN24960,Box 16_Client Box 16\ENL Maps 871-914\887.pdf,887
JN24960,Box 16_Client Box 16\ENL Maps 871-914\888.pdf,888
JN24960,Box 16_Client Box 16\ENL Maps 871-914\889.pdf,889
JN24960,Box 16_Client Box 16\ENL Maps 871-914\890.pdf,890
JN24960,Box 16_Client Box 16\ENL Maps 871-914\891.pdf,891
JN24960,Box 16_Client Box 16\ENL Maps 871-914\892.pdf,892
JN24960,Box 16_Client Box 16\ENL Maps 871-914\893.pdf,893
JN24960,Box 16_Client Box 16\ENL Maps 871-914\894.pdf,894
JN24960,Box 16_Client Box 16\ENL Maps 871-914\895.pdf,895
JN24960,Box 16_Client Box 16\ENL Maps 871-914\896.pdf,896
JN24960,Box 16_Client Box 16\ENL Maps 871-914\897.pdf,897
JN24960,Box 16_Client Box 16\ENL Maps 871-914\898.pdf,898
JN24960,Box 16_Client Box 16\ENL Maps 871-914\899.pdf,899
JN24960,Box 16_Client Box 16\ENL Maps 871-914\900.pdf,900
JN24960,Box 16_Client Box 16\ENL Maps 871-914\901.pdf,901
JN24960,Box 16_Client Box 16\ENL Maps 871-914\902.pdf,902
JN24960,Box 16_Client Box 16\ENL Maps 871-914\903_00001.pdf,903
JN24960,Box 16_Client Box 16\ENL Maps 871-914\903.pdf,903
JN24960,Box 16_Client Box 16\ENL Maps 871-914\903A.pdf,903A
JN24960,Box 16_Client Box 16\ENL Maps 871-914\903B_00001.pdf,903B
JN24960,Box 16_Client Box 16\ENL Maps 871-914\903B.pdf,903B
JN24960,Box 16_Client Box 16\ENL Maps 871-914\904.pdf,904
JN24960,Box 16_Client Box 16\ENL Maps 871-914\905.pdf,905
JN24960,Box 16_Client Box 16\ENL Maps 871-914\906.pdf,906
JN24960,Box 16_Client Box 16\ENL Maps 871-914\907.pdf,907
JN24960,Box 16_Client Box 16\ENL Maps 871-914\908.pdf,908
JN24960,Box 16_Client Box 16\ENL Maps 871-914\909.pdf,909
JN24960,Box 16_Client Box 16\ENL Maps 871-914\910.pdf,910
JN24960,Box 16_Client Box 16\ENL Maps 871-914\911.pdf,911
JN24960,Box 16_Client Box 16\ENL Maps 871-914\912.pdf,912
JN24960,Box 16_Client Box 16\ENL Maps 871-914\913.pdf,913
JN24960,Box 16_Client Box 16\ENL Maps 871-914\914.pdf,914
JN24960,Box 16_Client Box 16\ENL Maps 871-914\Inventory.pdf,Inventory
JN24960,Box 17_Client Box 17\ENL Maps 1037-1083\1037.pdf,1037
JN24960,Box 17_Client Box 17\ENL Maps 1037-1083\1038.pdf,1038
JN24960,Box 17_Client Box 17\ENL Maps 1037-1083\1039.pdf,1039
JN24960,Box 17_Client Box 17\ENL Maps 1037-1083\1040.pdf,1040
JN24960,Box 17_Client Box 17\ENL Maps 1037-1083\1041.pdf,1041
JN24960,Box 17_Client Box 17\ENL Maps 1037-1083\1042.pdf,1042
JN24960,Box 17_Client Box 17\ENL Maps 1037-1083\1043.pdf,1043
JN24960,Box 17_Client Box 17\ENL Maps 1037-1083\1044.pdf,1044
JN24960,Box 17_Client Box 17\ENL Maps 1037-1083\1045_00001.pdf,1045
JN24960,Box 17_Client Box 17\ENL Maps 1037-1083\1045.pdf,1045
JN24960,Box 17_Client Box 17\ENL Maps 1037-1083\1045A.pdf,1045A
JN24960,Box 17_Client Box 17\ENL Maps 1037-1083\1046.pdf,1046
JN24960,Box 17_Client Box 17\ENL Maps 1037-1083\1048.pdf,1048
JN24960,Box 17_Client Box 17\ENL Maps 1037-1083\1049.pdf,1049
JN24960,Box 17_Client Box 17\ENL Maps 1037-1083\1050.pdf,1050
JN24960,Box 17_Client Box 17\ENL Maps 1037-1083\1051.pdf,1051
JN24960,Box 17_Client Box 17\ENL Maps 1037-1083\1052.pdf,1052
JN24960,Box 17_Client Box 17\ENL Maps 1037-1083\1053.pdf,1053
JN24960,Box 17_Client Box 17\ENL Maps 1037-1083\1054.pdf,1054
JN24960,Box 17_Client Box 17\ENL Maps 1037-1083\1054A.pdf,1054A
JN24960,Box 17_Client Box 17\ENL Maps 1037-1083\1055.pdf,1055
JN24960,Box 17_Client Box 17\ENL Maps 1037-1083\1056.pdf,1056
JN24960,Box 17_Client Box 17\ENL Maps 1037-1083\1057.pdf,1057
JN24960,Box 17_Client Box 17\ENL Maps 1037-1083\1058.pdf,1058
JN24960,Box 17_Client Box 17\ENL Maps 1037-1083\1059.pdf,1059
JN24960,Box 17_Client Box 17\ENL Maps 1037-1083\1060.pdf,1060
JN24960,Box 17_Client Box 17\ENL Maps 1037-1083\1061.pdf,1061
JN24960,Box 17_Client Box 17\ENL Maps 1037-1083\1062.pdf,1062
JN24960,Box 17_Client Box 17\ENL Maps 1037-1083\1063.pdf,1063
JN24960,Box 17_Client Box 17\ENL Maps 1037-1083\1064.pdf,1064
JN24960,Box 17_Client Box 17\ENL Maps 1037-1083\1065.pdf,1065
JN24960,Box 17_Client Box 17\ENL Maps 1037-1083\1066.pdf,1066
JN24960,Box 17_Client Box 17\ENL Maps 1037-1083\1067.pdf,1067
JN24960,Box 17_Client Box 17\ENL Maps 1037-1083\1068.pdf,1068
JN24960,Box 17_Client Box 17\ENL Maps 1037-1083\1069.pdf,1069
JN24960,Box 17_Client Box 17\ENL Maps 1037-1083\1070.pdf,1070
JN24960,Box 17_Client Box 17\ENL Maps 1037-1083\1071.pdf,1071
JN24960,Box 17_Client Box 17\ENL Maps 1037-1083\1072.pdf,1072
JN24960,Box 17_Client Box 17\ENL Maps 1037-1083\1073.pdf,1073
JN24960,Box 17_Client Box 17\ENL Maps 1037-1083\1074.pdf,1074
JN24960,Box 17_Client Box 17\ENL Maps 1037-1083\1075.pdf,1075
JN24960,Box 17_Client Box 17\ENL Maps 1037-1083\1076.pdf,1076
JN24960,Box 17_Client Box 17\ENL Maps 1037-1083\1077.pdf,1077
JN24960,Box 17_Client Box 17\ENL Maps 1037-1083\1078.pdf,1078
JN24960,Box 17_Client Box 17\ENL Maps 1037-1083\1079.pdf,1079
JN24960,Box 17_Client Box 17\ENL Maps 1037-1083\1080.pdf,1080
JN24960,Box 17_Client Box 17\ENL Maps 1037-1083\1081.pdf,1081
JN24960,Box 17_Client Box 17\ENL Maps 1037-1083\1082.pdf,1082
JN24960,Box 17_Client Box 17\ENL Maps 1037-1083\1083.pdf,1083
JN24960,Box 17_Client Box 17\ENL Maps 1037-1083\Inventory.pdf,Inventory
JN24960,Box 17_Client Box 17\ENL Maps 915-969\915.pdf,915
JN24960,Box 17_Client Box 17\ENL Maps 915-969\916.pdf,916
JN24960,Box 17_Client Box 17\ENL Maps 915-969\917.pdf,917
JN24960,Box 17_Client Box 17\ENL Maps 915-969\918.pdf,918
JN24960,Box 17_Client Box 17\ENL Maps 915-969\919.pdf,919
JN24960,Box 17_Client Box 17\ENL Maps 915-969\920.pdf,920
JN24960,Box 17_Client Box 17\ENL Maps 915-969\921.pdf,921
JN24960,Box 17_Client Box 17\ENL Maps 915-969\922.pdf,922
JN24960,Box 17_Client Box 17\ENL Maps 915-969\923.pdf,923
JN24960,Box 17_Client Box 17\ENL Maps 915-969\924.pdf,924
JN24960,Box 17_Client Box 17\ENL Maps 915-969\925_00001.pdf,925
JN24960,"Box 17_Client Box 17\ENL Maps 915-969\925, 925A.pdf","925, 925A"
JN24960,Box 17_Client Box 17\ENL Maps 915-969\925.pdf,925
JN24960,Box 17_Client Box 17\ENL Maps 915-969\925A.pdf,925A
JN24960,Box 17_Client Box 17\ENL Maps 915-969\926.pdf,926
JN24960,Box 17_Client Box 17\ENL Maps 915-969\927.pdf,927
JN24960,Box 17_Client Box 17\ENL Maps 915-969\928_00001.pdf,928
JN24960,Box 17_Client Box 17\ENL Maps 915-969\928.pdf,928
JN24960,Box 17_Client Box 17\ENL Maps 915-969\928A_00001.pdf,928A
JN24960,Box 17_Client Box 17\ENL Maps 915-969\928A.pdf,928A
JN24960,Box 17_Client Box 17\ENL Maps 915-969\929.pdf,929
JN24960,Box 17_Client Box 17\ENL Maps 915-969\930.pdf,930
JN24960,Box 17_Client Box 17\ENL Maps 915-969\931.pdf,931
JN24960,Box 17_Client Box 17\ENL Maps 915-969\932.pdf,932
JN24960,Box 17_Client Box 17\ENL Maps 915-969\933.pdf,933
JN24960,Box 17_Client Box 17\ENL Maps 915-969\934.pdf,934
JN24960,Box 17_Client Box 17\ENL Maps 915-969\935.pdf,935
JN24960,Box 17_Client Box 17\ENL Maps 915-969\936.pdf,936
JN24960,Box 17_Client Box 17\ENL Maps 915-969\937.pdf,937
JN24960,Box 17_Client Box 17\ENL Maps 915-969\937A.pdf,937A
JN24960,Box 17_Client Box 17\ENL Maps 915-969\938.pdf,938
JN24960,Box 17_Client Box 17\ENL Maps 915-969\939.pdf,939
JN24960,Box 17_Client Box 17\ENL Maps 915-969\940.pdf,940
JN24960,Box 17_Client Box 17\ENL Maps 915-969\941.pdf,941
JN24960,Box 17_Client Box 17\ENL Maps 915-969\942.pdf,942
JN24960,Box 17_Client Box 17\ENL Maps 915-969\943.pdf,943
JN24960,Box 17_Client Box 17\ENL Maps 915-969\944.pdf,944
JN24960,Box 17_Client Box 17\ENL Maps 915-969\945.pdf,945
JN24960,Box 17_Client Box 17\ENL Maps 915-969\946.pdf,946
JN24960,Box 17_Client Box 17\ENL Maps 915-969\947.pdf,947
JN24960,Box 17_Client Box 17\ENL Maps 915-969\948.pdf,948
JN24960,Box 17_Client Box 17\ENL Maps 915-969\949.pdf,949
JN24960,Box 17_Client Box 17\ENL Maps 915-969\950.pdf,950
JN24960,Box 17_Client Box 17\ENL Maps 915-969\951.pdf,951
JN24960,Box 17_Client Box 17\ENL Maps 915-969\952.pdf,952
JN24960,Box 17_Client Box 17\ENL Maps 915-969\953.pdf,953
JN24960,Box 17_Client Box 17\ENL Maps 915-969\954.pdf,954
JN24960,Box 17_Client Box 17\ENL Maps 915-969\955.pdf,955
JN24960,Box 17_Client Box 17\ENL Maps 915-969\956.pdf,956
JN24960,Box 17_Client Box 17\ENL Maps 915-969\957.pdf,957
JN24960,Box 17_Client Box 17\ENL Maps 915-969\958.pdf,958
JN24960,Box 17_Client Box 17\ENL Maps 915-969\959.pdf,959
JN24960,Box 17_Client Box 17\ENL Maps 915-969\960.pdf,960
JN24960,Box 17_Client Box 17\ENL Maps 915-969\961.pdf,961
JN24960,Box 17_Client Box 17\ENL Maps 915-969\962.pdf,962
JN24960,Box 17_Client Box 17\ENL Maps 915-969\963.pdf,963
JN24960,Box 17_Client Box 17\ENL Maps 915-969\964.pdf,964
JN24960,Box 17_Client Box 17\ENL Maps 915-969\965.pdf,965
JN24960,Box 17_Client Box 17\ENL Maps 915-969\966.pdf,966
JN24960,Box 17_Client Box 17\ENL Maps 915-969\967.pdf,967
JN24960,Box 17_Client Box 17\ENL Maps 915-969\968_00001.pdf,968
JN24960,Box 17_Client Box 17\ENL Maps 915-969\968.pdf,968
JN24960,Box 17_Client Box 17\ENL Maps 915-969\968A_00001.pdf,968A
JN24960,Box 17_Client Box 17\ENL Maps 915-969\968A.pdf,968A
JN24960,Box 17_Client Box 17\ENL Maps 915-969\969.pdf,969
JN24960,Box 17_Client Box 17\ENL Maps 915-969\Inventory.pdf,Inventory
JN24960,Box 17_Client Box 17\ENL Maps 970-992\940.pdf,940
JN24960,Box 17_Client Box 17\ENL Maps 970-992\970.pdf,970
JN24960,Box 17_Client Box 17\ENL Maps 970-992\971.pdf,971
JN24960,Box 17_Client Box 17\ENL Maps 970-992\972.pdf,972
JN24960,Box 17_Client Box 17\ENL Maps 970-992\973.pdf,973
JN24960,Box 17_Client Box 17\ENL Maps 970-992\974.pdf,974
JN24960,Box 17_Client Box 17\ENL Maps 970-992\975.pdf,975
JN24960,Box 17_Client Box 17\ENL Maps 970-992\976.pdf,976
JN24960,Box 17_Client Box 17\ENL Maps 970-992\977.pdf,977
JN24960,Box 17_Client Box 17\ENL Maps 970-992\978.pdf,978
JN24960,Box 17_Client Box 17\ENL Maps 970-992\979.pdf,979
JN24960,Box 17_Client Box 17\ENL Maps 970-992\980.pdf,980
JN24960,Box 17_Client Box 17\ENL Maps 970-992\981.pdf,981
JN24960,Box 17_Client Box 17\ENL Maps 970-992\982.pdf,982
JN24960,Box 17_Client Box 17\ENL Maps 970-992\983.pdf,983
JN24960,Box 17_Client Box 17\ENL Maps 970-992\984.pdf,984
JN24960,Box 17_Client Box 17\ENL Maps 970-992\985.pdf,985
JN24960,Box 17_Client Box 17\ENL Maps 970-992\986.pdf,986
JN24960,Box 17_Client Box 17\ENL Maps 970-992\987.pdf,987
JN24960,Box 17_Client Box 17\ENL Maps 970-992\988.pdf,988
JN24960,Box 17_Client Box 17\ENL Maps 970-992\989.pdf,989
JN24960,Box 17_Client Box 17\ENL Maps 970-992\990.pdf,990
JN24960,Box 17_Client Box 17\ENL Maps 970-992\991 & 991A.pdf,991 & 991A
JN24960,Box 17_Client Box 17\ENL Maps 970-992\991_00001.pdf,991
JN24960,Box 17_Client Box 17\ENL Maps 970-992\991.pdf,991
JN24960,Box 17_Client Box 17\ENL Maps 970-992\991A.pdf,991A
JN24960,Box 17_Client Box 17\ENL Maps 970-992\992.pdf,992
JN24960,Box 17_Client Box 17\ENL Maps 993-1036\1000.pdf,1000
JN24960,Box 17_Client Box 17\ENL Maps 993-1036\1001.pdf,1001
JN24960,Box 17_Client Box 17\ENL Maps 993-1036\1002.pdf,1002
JN24960,Box 17_Client Box 17\ENL Maps 993-1036\1003.pdf,1003
JN24960,Box 17_Client Box 17\ENL Maps 993-1036\1004.pdf,1004
JN24960,Box 17_Client Box 17\ENL Maps 993-1036\1005.pdf,1005
JN24960,Box 17_Client Box 17\ENL Maps 993-1036\1006.pdf,1006
JN24960,Box 17_Client Box 17\ENL Maps 993-1036\1007.pdf,1007
JN24960,Box 17_Client Box 17\ENL Maps 993-1036\1008.pdf,1008
JN24960,Box 17_Client Box 17\ENL Maps 993-1036\1009.pdf,1009
JN24960,Box 17_Client Box 17\ENL Maps 993-1036\1010.pdf,1010
JN24960,Box 17_Client Box 17\ENL Maps 993-1036\1011.pdf,1011
JN24960,Box 17_Client Box 17\ENL Maps 993-1036\1012.pdf,1012
JN24960,Box 17_Client Box 17\ENL Maps 993-1036\1013.pdf,1013
JN24960,Box 17_Client Box 17\ENL Maps 993-1036\1014.pdf,1014
JN24960,Box 17_Client Box 17\ENL Maps 993-1036\1015.pdf,1015
JN24960,Box 17_Client Box 17\ENL Maps 993-1036\1016.pdf,1016
JN24960,Box 17_Client Box 17\ENL Maps 993-1036\1017.pdf,1017
JN24960,Box 17_Client Box 17\ENL Maps 993-1036\1018.pdf,1018
JN24960,Box 17_Client Box 17\ENL Maps 993-1036\1019.pdf,1019
JN24960,Box 17_Client Box 17\ENL Maps 993-1036\1020.pdf,1020
JN24960,Box 17_Client Box 17\ENL Maps 993-1036\1021.pdf,1021
JN24960,Box 17_Client Box 17\ENL Maps 993-1036\1022.pdf,1022
JN24960,Box 17_Client Box 17\ENL Maps 993-1036\1023.pdf,1023
JN24960,Box 17_Client Box 17\ENL Maps 993-1036\1024.pdf,1024
JN24960,Box 17_Client Box 17\ENL Maps 993-1036\1025.pdf,1025
JN24960,Box 17_Client Box 17\ENL Maps 993-1036\1026.pdf,1026
JN24960,Box 17_Client Box 17\ENL Maps 993-1036\1027.pdf,1027
JN24960,Box 17_Client Box 17\ENL Maps 993-1036\1028.pdf,1028
JN24960,Box 17_Client Box 17\ENL Maps 993-1036\1029.pdf,1029
JN24960,Box 17_Client Box 17\ENL Maps 993-1036\1030.pdf,1030
JN24960,Box 17_Client Box 17\ENL Maps 993-1036\1031.pdf,1031
JN24960,Box 17_Client Box 17\ENL Maps 993-1036\1032.pdf,1032
JN24960,Box 17_Client Box 17\ENL Maps 993-1036\1033.pdf,1033
JN24960,Box 17_Client Box 17\ENL Maps 993-1036\1034.pdf,1034
JN24960,Box 17_Client Box 17\ENL Maps 993-1036\1035.pdf,1035
JN24960,Box 17_Client Box 17\ENL Maps 993-1036\1036_00001.pdf,1036
JN24960,Box 17_Client Box 17\ENL Maps 993-1036\1036.pdf,1036
JN24960,Box 17_Client Box 17\ENL Maps 993-1036\1036A.pdf,1036A
JN24960,Box 17_Client Box 17\ENL Maps 993-1036\1036B.pdf,1036B
JN24960,Box 17_Client Box 17\ENL Maps 993-1036\993.pdf,993
JN24960,Box 17_Client Box 17\ENL Maps 993-1036\994.pdf,994
JN24960,Box 17_Client Box 17\ENL Maps 993-1036\995.pdf,995
JN24960,Box 17_Client Box 17\ENL Maps 993-1036\996.pdf,996
JN24960,Box 17_Client Box 17\ENL Maps 993-1036\997.pdf,997
JN24960,Box 17_Client Box 17\ENL Maps 993-1036\998.pdf,998
JN24960,Box 17_Client Box 17\ENL Maps 993-1036\999.pdf,999
JN24960,Box 18_Client Box 18\ENL Maps 1084-1126\1084.pdf,1084
JN24960,Box 18_Client Box 18\ENL Maps 1084-1126\1085.pdf,1085
JN24960,Box 18_Client Box 18\ENL Maps 1084-1126\1086.pdf,1086
JN24960,Box 18_Client Box 18\ENL Maps 1084-1126\1087.pdf,1087
JN24960,Box 18_Client Box 18\ENL Maps 1084-1126\1088.pdf,1088
JN24960,Box 18_Client Box 18\ENL Maps 1084-1126\1089.pdf,1089
JN24960,Box 18_Client Box 18\ENL Maps 1084-1126\1090.pdf,1090
JN24960,Box 18_Client Box 18\ENL Maps 1084-1126\1091.pdf,1091
JN24960,Box 18_Client Box 18\ENL Maps 1084-1126\1092.pdf,1092
JN24960,Box 18_Client Box 18\ENL Maps 1084-1126\1093.pdf,1093
JN24960,Box 18_Client Box 18\ENL Maps 1084-1126\1094.pdf,1094
JN24960,Box 18_Client Box 18\ENL Maps 1084-1126\1095.pdf,1095
JN24960,Box 18_Client Box 18\ENL Maps 1084-1126\1096.pdf,1096
JN24960,Box 18_Client Box 18\ENL Maps 1084-1126\1097.pdf,1097
JN24960,Box 18_Client Box 18\ENL Maps 1084-1126\1098.pdf,1098
JN24960,Box 18_Client Box 18\ENL Maps 1084-1126\1099.pdf,1099
JN24960,Box 18_Client Box 18\ENL Maps 1084-1126\1100.pdf,1100
JN24960,Box 18_Client Box 18\ENL Maps 1084-1126\1101.pdf,1101
JN24960,Box 18_Client Box 18\ENL Maps 1084-1126\1102.pdf,1102
JN24960,Box 18_Client Box 18\ENL Maps 1084-1126\1103.pdf,1103
JN24960,Box 18_Client Box 18\ENL Maps 1084-1126\1104.pdf,1104
JN24960,Box 18_Client Box 18\ENL Maps 1084-1126\1105.pdf,1105
JN24960,Box 18_Client Box 18\ENL Maps 1084-1126\1106.pdf,1106
JN24960,Box 18_Client Box 18\ENL Maps 1084-1126\1107.pdf,1107
JN24960,Box 18_Client Box 18\ENL Maps 1084-1126\1108.pdf,1108
JN24960,Box 18_Client Box 18\ENL Maps 1084-1126\1109.pdf,1109
JN24960,Box 18_Client Box 18\ENL Maps 1084-1126\1110.pdf,1110
JN24960,Box 18_Client Box 18\ENL Maps 1084-1126\1111.pdf,1111
JN24960,Box 18_Client Box 18\ENL Maps 1084-1126\1112.pdf,1112
JN24960,Box 18_Client Box 18\ENL Maps 1084-1126\1113.pdf,1113
JN24960,Box 18_Client Box 18\ENL Maps 1084-1126\1114.pdf,1114
JN24960,Box 18_Client Box 18\ENL Maps 1084-1126\1115.pdf,1115
JN24960,Box 18_Client Box 18\ENL Maps 1084-1126\1116.pdf,1116
JN24960,Box 18_Client Box 18\ENL Maps 1084-1126\1117.pdf,1117
JN24960,Box 18_Client Box 18\ENL Maps 1084-1126\1118.pdf,1118
JN24960,Box 18_Client Box 18\ENL Maps 1084-1126\1119.pdf,1119
JN24960,Box 18_Client Box 18\ENL Maps 1084-1126\1120.pdf,1120
JN24960,Box 18_Client Box 18\ENL Maps 1084-1126\1121.pdf,1121
JN24960,Box 18_Client Box 18\ENL Maps 1084-1126\1122.pdf,1122
JN24960,Box 18_Client Box 18\ENL Maps 1084-1126\1123.pdf,1123
JN24960,Box 18_Client Box 18\ENL Maps 1084-1126\1124.pdf,1124
JN24960,Box 18_Client Box 18\ENL Maps 1084-1126\1125.pdf,1125
JN24960,Box 18_Client Box 18\ENL Maps 1084-1126\1126.pdf,1126
JN24960,Box 18_Client Box 18\ENL Maps 1084-1126\Inventory.pdf,Inventory
JN24960,Box 18_Client Box 18\ENL Maps 1127-1170\1127.pdf,1127
JN24960,Box 18_Client Box 18\ENL Maps 1127-1170\1128.pdf,1128
JN24960,Box 18_Client Box 18\ENL Maps 1127-1170\1129.pdf,1129
JN24960,Box 18_Client Box 18\ENL Maps 1127-1170\1130.pdf,1130
JN24960,Box 18_Client Box 18\ENL Maps 1127-1170\1131.pdf,1131
JN24960,Box 18_Client Box 18\ENL Maps 1127-1170\1132.pdf,1132
JN24960,Box 18_Client Box 18\ENL Maps 1127-1170\1133.pdf,1133
JN24960,Box 18_Client Box 18\ENL Maps 1127-1170\1134.pdf,1134
JN24960,Box 18_Client Box 18\ENL Maps 1127-1170\1135.pdf,1135
JN24960,Box 18_Client Box 18\ENL Maps 1127-1170\1136.pdf,1136
JN24960,Box 18_Client Box 18\ENL Maps 1127-1170\1137.pdf,1137
JN24960,Box 18_Client Box 18\ENL Maps 1127-1170\1138.pdf,1138
JN24960,Box 18_Client Box 18\ENL Maps 1127-1170\1139.pdf,1139
JN24960,Box 18_Client Box 18\ENL Maps 1127-1170\1140.pdf,1140
JN24960,Box 18_Client Box 18\ENL Maps 1127-1170\1141.pdf,1141
JN24960,Box 18_Client Box 18\ENL Maps 1127-1170\1142.pdf,1142
JN24960,Box 18_Client Box 18\ENL Maps 1127-1170\1142A.pdf,1142A
JN24960,Box 18_Client Box 18\ENL Maps 1127-1170\1143.pdf,1143
JN24960,Box 18_Client Box 18\ENL Maps 1127-1170\1144.pdf,1144
JN24960,Box 18_Client Box 18\ENL Maps 1127-1170\1145.pdf,1145
JN24960,Box 18_Client Box 18\ENL Maps 1127-1170\1146.pdf,1146
JN24960,Box 18_Client Box 18\ENL Maps 1127-1170\1147.pdf,1147
JN24960,Box 18_Client Box 18\ENL Maps 1127-1170\1148.pdf,1148
JN24960,Box 18_Client Box 18\ENL Maps 1127-1170\1149.pdf,1149
JN24960,Box 18_Client Box 18\ENL Maps 1127-1170\1150.pdf,1150
JN24960,Box 18_Client Box 18\ENL Maps 1127-1170\1151.pdf,1151
JN24960,Box 18_Client Box 18\ENL Maps 1127-1170\1152.pdf,1152
JN24960,Box 18_Client Box 18\ENL Maps 1127-1170\1153.pdf,1153
JN24960,Box 18_Client Box 18\ENL Maps 1127-1170\1154.pdf,1154
JN24960,Box 18_Client Box 18\ENL Maps 1127-1170\1155.pdf,1155
JN24960,Box 18_Client Box 18\ENL Maps 1127-1170\1156.pdf,1156
JN24960,Box 18_Client Box 18\ENL Maps 1127-1170\1157.pdf,1157
JN24960,Box 18_Client Box 18\ENL Maps 1127-1170\1157A.pdf,1157A
JN24960,Box 18_Client Box 18\ENL Maps 1127-1170\1157B.pdf,1157B
JN24960,Box 18_Client Box 18\ENL Maps 1127-1170\1158.pdf,1158
JN24960,Box 18_Client Box 18\ENL Maps 1127-1170\1159.pdf,1159
JN24960,Box 18_Client Box 18\ENL Maps 1127-1170\1159A.pdf,1159A
JN24960,Box 18_Client Box 18\ENL Maps 1127-1170\1160.pdf,1160
JN24960,Box 18_Client Box 18\ENL Maps 1127-1170\1161.pdf,1161
JN24960,Box 18_Client Box 18\ENL Maps 1127-1170\1162.pdf,1162
JN24960,Box 18_Client Box 18\ENL Maps 1127-1170\1163.pdf,1163
JN24960,Box 18_Client Box 18\ENL Maps 1127-1170\1164.pdf,1164
JN24960,Box 18_Client Box 18\ENL Maps 1127-1170\1165.pdf,1165
JN24960,Box 18_Client Box 18\ENL Maps 1127-1170\1166.pdf,1166
JN24960,Box 18_Client Box 18\ENL Maps 1127-1170\1167.pdf,1167
JN24960,Box 18_Client Box 18\ENL Maps 1127-1170\1168.pdf,1168
JN24960,Box 18_Client Box 18\ENL Maps 1127-1170\1169.pdf,1169
JN24960,Box 18_Client Box 18\ENL Maps 1127-1170\1170.pdf,1170
JN24960,Box 18_Client Box 18\ENL Maps 1127-1170\36.pdf,36
JN24960,Box 18_Client Box 18\ENL Maps 1127-1170\Inventory.pdf,Inventory
JN24960,Box 18_Client Box 18\ENL Maps 1171-1200\1171.pdf,1171
JN24960,Box 18_Client Box 18\ENL Maps 1171-1200\1172.pdf,1172
JN24960,Box 18_Client Box 18\ENL Maps 1171-1200\1173.pdf,1173
JN24960,Box 18_Client Box 18\ENL Maps 1171-1200\1174.pdf,1174
JN24960,Box 18_Client Box 18\ENL Maps 1171-1200\1175.pdf,1175
JN24960,Box 18_Client Box 18\ENL Maps 1171-1200\1176.pdf,1176
JN24960,Box 18_Client Box 18\ENL Maps 1171-1200\1177.pdf,1177
JN24960,Box 18_Client Box 18\ENL Maps 1171-1200\1178.pdf,1178
JN24960,Box 18_Client Box 18\ENL Maps 1171-1200\1179.pdf,1179
JN24960,Box 18_Client Box 18\ENL Maps 1171-1200\1180.pdf,1180
JN24960,Box 18_Client Box 18\ENL Maps 1171-1200\1181.pdf,1181
JN24960,Box 18_Client Box 18\ENL Maps 1171-1200\1182.pdf,1182
JN24960,Box 18_Client Box 18\ENL Maps 1171-1200\1183.pdf,1183
JN24960,Box 18_Client Box 18\ENL Maps 1171-1200\1184.pdf,1184
JN24960,Box 18_Client Box 18\ENL Maps 1171-1200\1185.pdf,1185
JN24960,Box 18_Client Box 18\ENL Maps 1171-1200\1186.pdf,1186
JN24960,Box 18_Client Box 18\ENL Maps 1171-1200\1187.pdf,1187
JN24960,Box 18_Client Box 18\ENL Maps 1171-1200\1188.pdf,1188
JN24960,Box 18_Client Box 18\ENL Maps 1171-1200\1189.pdf,1189
JN24960,Box 18_Client Box 18\ENL Maps 1171-1200\1190.pdf,1190
JN24960,Box 18_Client Box 18\ENL Maps 1171-1200\1191.pdf,1191
JN24960,Box 18_Client Box 18\ENL Maps 1171-1200\1191A.pdf,1191A
JN24960,Box 18_Client Box 18\ENL Maps 1171-1200\1191B.pdf,1191B
JN24960,Box 18_Client Box 18\ENL Maps 1171-1200\1192.pdf,1192
JN24960,Box 18_Client Box 18\ENL Maps 1171-1200\1193.pdf,1193
JN24960,Box 18_Client Box 18\ENL Maps 1171-1200\1193A.pdf,1193A
JN24960,Box 18_Client Box 18\ENL Maps 1171-1200\1194.pdf,1194
JN24960,Box 18_Client Box 18\ENL Maps 1171-1200\1195.pdf,1195
JN24960,Box 18_Client Box 18\ENL Maps 1171-1200\1196.pdf,1196
JN24960,Box 18_Client Box 18\ENL Maps 1171-1200\1197.pdf,1197
JN24960,Box 18_Client Box 18\ENL Maps 1171-1200\1198.pdf,1198
JN24960,Box 18_Client Box 18\ENL Maps 1171-1200\1199.pdf,1199
JN24960,Box 18_Client Box 18\ENL Maps 1171-1200\1200.pdf,1200
JN24960,Box 18_Client Box 18\ENL Maps 1171-1200\Inventory.pdf,Inventory
JN24960,Box 18_Client Box 18\ENL Maps 1201-1219\1201.pdf,1201
JN24960,Box 18_Client Box 18\ENL Maps 1201-1219\1202.pdf,1202
JN24960,Box 18_Client Box 18\ENL Maps 1201-1219\1203.pdf,1203
JN24960,Box 18_Client Box 18\ENL Maps 1201-1219\1204.pdf,1204
JN24960,Box 18_Client Box 18\ENL Maps 1201-1219\1205.pdf,1205
JN24960,Box 18_Client Box 18\ENL Maps 1201-1219\1206.pdf,1206
JN24960,Box 18_Client Box 18\ENL Maps 1201-1219\1207.pdf,1207
JN24960,Box 18_Client Box 18\ENL Maps 1201-1219\1208.pdf,1208
JN24960,Box 18_Client Box 18\ENL Maps 1201-1219\1209.pdf,1209
JN24960,Box 18_Client Box 18\ENL Maps 1201-1219\1210.pdf,1210
JN24960,Box 18_Client Box 18\ENL Maps 1201-1219\1211.pdf,1211
JN24960,Box 18_Client Box 18\ENL Maps 1201-1219\1212.pdf,1212
JN24960,Box 18_Client Box 18\ENL Maps 1201-1219\1213.pdf,1213
JN24960,Box 18_Client Box 18\ENL Maps 1201-1219\1214.pdf,1214
JN24960,Box 18_Client Box 18\ENL Maps 1201-1219\1215.pdf,1215
JN24960,Box 18_Client Box 18\ENL Maps 1201-1219\1216.pdf,1216
JN24960,Box 18_Client Box 18\ENL Maps 1201-1219\1217.pdf,1217
JN24960,Box 18_Client Box 18\ENL Maps 1201-1219\1218.pdf,1218
JN24960,Box 18_Client Box 18\ENL Maps 1201-1219\1219.pdf,1219
JN24960,Box 18_Client Box 18\ENL Maps 1201-1219\Inventory.pdf,Inventory